Patient_ID,B cells naive,B cells memory,Plasma cells,T cells CD8,T cells CD4 naive,T cells CD4 memory resting,T cells CD4 memory activated,T cells follicular helper,T cells regulatory (Tregs),T cells gamma delta,NK cells resting,NK cells activated,Monocytes,Macrophages M0,Macrophages M1,Macrophages M2,Dendritic cells resting,Dendritic cells activated,Mast cells resting,Mast cells activated,Eosinophils,Neutrophils,P-value,Pearson Correlation,Absolute score
C3L-00017,2.3387155146813243,0.0,1.7167479441116364,0.566159933558777,0.0,5.031901373277879,0.5519458045160927,0.0,0.0,0.8572411126171153,0.0,0.0,1.3053612661781373,0.0643596001820854,1.9287154302913532,3.924694881910245,2.478933607734421,0.0,1.1816602468521564,0.0,0.0,0.0,0.016,0.3197532006659788,21.946436715911226
C3L-00102,3.1468035707061026,0.0,0.0,0.0,0.0,5.849418776264048,0.2779651458223152,0.0,0.0,1.0365410425645996,0.0,0.0,1.460207904703808,2.0595605939470976,1.0366384800148525,2.6316100393615263,0.4744036442738855,0.0838680592354601,1.0929826277369756,0.0,0.2636104636857727,1.6084199441933238,0.02,0.261575582882098,21.02203029250977
C3L-00189,1.7610154981756303,0.0,0.3640550070138885,1.931820278714367,0.0,4.372264510709769,0.1921267799257509,0.0,0.0,0.2386931572785661,0.0,0.8949495970659459,0.3770527787164973,4.608775827716603,0.248423367031263,4.429061232364558,2.9511901567575327,0.5381725786026607,3.4791824731694336,0.0,0.0,0.5205923196434807,0.02,0.259482126928523,26.907375562885942
C3L-00277,0.0,0.3186626655081824,0.1558004146981831,0.0,0.0,3.3419581125321884,0.390705244689647,0.0,0.0,0.0,0.0385794253161458,0.0,0.912408534417916,1.5367444704721551,0.1293519600038218,2.8370073918676737,0.6565356121933136,0.574354993519854,0.4059467490532478,0.0,0.2200005307100007,0.2875914984042499,0.088,0.136456941831139,11.80564760338658
C3L-00401,0.779829157766295,0.0,1.197661055119377,0.1035394978595015,0.0,8.786002863673694,0.0,0.0,0.0,0.7366284454001847,0.0,0.1013523721060738,0.0,2.242443923206561,1.4361038501767018,5.667546260531684,6.4231080162232015,0.0,0.8064336713978555,0.0,0.0255992535096314,1.859538164378638,0.024,0.2236638003763834,30.1657865313494
C3L-00589,0.4856016389071921,0.0,0.5438901928911543,0.2526323474395122,0.0,1.2472682494855645,0.0844982466540655,0.0,0.0295366615694732,0.1218880063145203,0.0,0.0020364546608283,0.954428872679775,2.818203315056336,0.5350343026850393,4.304677013481464,2.561130573003249,0.0,2.5532739825731072,0.0,0.0,0.0,0.024,0.2235060327178928,16.49409985740128
C3L-00598,0.2593821264856877,1.0223766317325549,0.0,0.0,0.0,3.1471738596285523,0.37466665346207,0.0,0.0,0.0,0.1004102686098833,0.0,0.4964970231348374,2.048003830564256,0.5599347433259904,4.212982784295075,0.4065413916286262,2.0560281827507283,0.8146664477734736,0.0,0.1949596031207286,0.1531348698921489,0.02,0.239451757659465,15.846758416404612
C3L-00599,0.9925321790370722,0.2375987876495578,0.0,0.1024539377061794,0.0,6.120945081716819,0.4885099886633287,0.0,0.0,0.3696408221605159,0.1800291902337341,0.0,0.0482408713216491,0.9630698804170382,1.151113796089304,3.476402806395263,2.2550908408707806,0.3670153019288223,3.299686779382973,0.0,0.0,0.0,0.022,0.2286607247253931,20.05233026357304
C3L-00622,0.1637744355649305,0.0,0.0428346572627657,1.6193668736850284,0.0,2.3721310765586394,0.0154967666842704,0.0,0.1210692258287458,0.0,0.0,0.0,0.365091094120531,1.9199634743924416,0.12968688407394,5.09066221411482,1.0009188503184283,0.7113462582937173,2.1669545615655585,0.0,0.0,1.0805184755951085,0.052,0.1820222539251369,16.799814848058926
C3L-00625,2.698373239496246,0.0,0.3380880139899127,0.812337925381014,0.0,3.350605102899649,0.0,0.0,0.0,0.047151143499567,0.0,0.0,0.0,3.0639173502228267,0.1126684022480925,3.874069869631283,0.0182041912297757,0.0,1.0960123576381786,0.2873740455724518,0.0,0.0594823169357993,0.014,0.3350609954376025,15.758283958744796
C3L-00640,3.717422396138194,0.0,0.0,0.8295820631135411,0.0823433078633656,4.820399673682808,0.0922963325432131,0.0,0.6394906413954002,0.4138189416964104,0.0,0.0121960774513223,0.0,6.841449976749663,0.1803806238638892,6.838345698665506,3.976482580731081,1.3745258188519776,0.605690903087638,0.2850626291200415,0.0748769538430403,1.821634534311637,0.002,0.4665333335685681,32.605999153108726
C3L-00819,0.4531237883456514,0.0,0.082703398475178,0.0,0.0,2.3517285831911443,0.0057982825307226,0.0286734602338504,0.0735282932390669,0.0604987702826745,0.0,0.0,0.0,1.2566172143349774,0.7322220075542103,1.8501557924068213,2.525544160664724,0.2625765441014611,1.022568545629884,0.0,0.0,0.4207641537589098,0.076,0.1472368156177495,11.126502994749275
C3L-00881,3.5150402937682075,0.0,1.2510579828996578,4.603934851636895,0.0,7.854774479657227,0.3524270702625884,0.0,0.0,2.4350434062002737,0.0,1.2272385623418076,0.0,0.3198272297184073,2.125753693727572,5.635293421412613,1.9756793477022152,0.0,3.498530272115678,0.0,0.0,0.2134677284755227,0.02,0.2619818417190327,35.008068339918665
C3L-00928,2.5508829466202325,0.0,0.0,0.3498568590237041,0.0,5.037672698041164,0.1424490131882712,0.4200074210060892,0.0,0.3539875258321348,0.0,0.209507066354433,0.0,6.23313324232277,0.598716050773893,5.389730352884059,1.7550212722475018,1.8136331499444756,0.0,1.1862544087684428,0.0,0.8694663908591926,0.016,0.2861962389082471,26.91031839786636
C3L-01031,1.004678309352527,0.0,1.0382489032902271,0.8693971721073044,0.0,3.521311517943769,0.1702237018717724,0.0,0.2133413268172037,0.5977829705871026,0.0,0.0709018875154354,0.0700120549257002,3.360092102213076,0.5274838515606242,5.702114973659306,2.5081198155322486,0.3063489675897826,1.275680684970083,0.0,0.0,0.0,0.016,0.29387119133264,21.235738239936165
C3L-01036,1.4657103558245228,0.0,0.0,0.8456853578887107,0.0,4.943701433987793,0.0,0.0,0.0,0.0,0.404401692574853,0.0520666455509458,0.5075599768503013,2.4262040876176987,0.5813369407215643,3.641805292691764,1.3374422160563595,0.0,1.393023613255411,0.0,0.0,0.0,0.116,0.1133040342628093,17.598937613019924
C3L-01037,0.0,0.0,0.0977061633987698,0.9260132548121982,0.0,5.019006368852746,0.4001582951945824,0.0,0.0,0.0,0.0,0.0,1.058195263354459,2.3731368750647244,1.028245154475724,2.8380071807349068,3.355367845340238,0.1078596917600309,2.5381926430898507,0.0,0.5536792492515827,0.0331603370034704,0.02,0.2478357955177617,20.328728322333284
C3L-01051,1.3392894397017978,0.0,0.2146007299801697,0.3197708614597843,0.0,3.942440540828856,0.0,0.0,0.0,0.1433395359459491,0.0,0.6475099569503168,0.2423574335612557,0.0,0.4106363747164859,4.4664147789719975,0.3376741103372817,0.0690369317264993,3.14337002043588,0.0,0.0,0.0,0.044,0.1935899126501064,15.276440714616273
C3L-01052,0.4336139604303189,0.5915029635308214,0.218086341142742,1.706469436189151,0.0,6.156676112474994,0.3093533220348335,0.0,0.0,0.6573599339268066,0.0,0.0,0.0,1.6088580176091305,1.3468359541792565,6.237653423014815,1.6128260161591184,0.0,3.0189812789127752,0.0,0.0,1.589836769016683,0.016,0.3043954846573557,25.48805352862145
C3L-01053,0.5712301990466735,0.0,0.1813254818150848,0.5952961724727326,0.0,5.826524757303625,0.0,0.0,0.0,0.9618378202028168,0.0,0.0,0.1117811981816252,2.694299417703417,2.4450459651704604,3.689508574104815,4.525058957385602,0.0,2.0887290389049435,0.0,0.0,0.989336358626328,0.12,0.1117302809342147,24.679973940918124
C3L-01054,0.0024149088106676,0.0118602885139311,0.3853162178813704,1.2529780833532471,0.0,5.030991221442188,0.0716061382735892,0.0,0.0,0.0,0.0,0.0,0.0991095043610258,1.3194933550355243,0.1291636792937635,6.086398840687714,1.462247282130457,0.0350224136383341,2.0074942527387685,0.0,0.0,0.1799316245515914,0.112,0.1190884529455919,18.07402781071217
C3L-01124,0.3422224192950648,0.0611617762208451,0.8930205874301388,1.0626289855005564,0.0,5.1569978490529484,0.898450048466948,0.0,0.0,0.4367923122340816,0.0,0.0,0.0,0.0,2.162619812520902,4.117325271016134,4.082597858618681,0.5131499683152804,3.0456583038463085,0.0,0.0,2.0537032303116165,0.062,0.1636871052076541,24.826328422829505
C3L-01328,0.4071007002580372,0.0,0.0468732900244248,0.1069254748859988,0.0,2.448224863012696,0.8818946611682039,0.0,0.2191339231649828,0.0,0.0,0.0819776438785877,1.1969110201531628,3.5077818912212173,0.0058088255186965,5.561234022723015,1.5433796357064824,4.209978427865455,1.6737156102570971,0.0,0.2392274908629469,0.957586416800174,0.014,0.3392276475967981,23.08775389750118
C3L-01453,2.427308621100009,1.2691438313140626,1.5377354083882742,0.4241773810390062,0.0,6.768624418248197,1.8236176072213115,0.0,0.0,0.5764442874583433,0.0,0.0,3.4984522367654467,0.1321452016710197,0.6231013484543121,6.037128206109412,1.1921599352527483,0.5962874286861749,1.267844434612304,0.0,0.0,0.1860250834722662,0.014,0.3343459628553352,28.36019542979289
C3L-01598,0.0,0.0,1.3718857442796455,0.0976781602980152,0.0,3.799102890055745,0.4523562715333493,0.0,0.2602232195305019,0.0424161405952714,0.0,0.0296572932116674,0.2489697082397861,5.3210879263111535,0.5415798131089767,6.01327178899193,2.8037989186264385,0.3082040289846974,1.3491275648693946,0.0,0.0,1.1255741779862425,0.076,0.1453274238885044,23.76493364662281
C3L-01637,0.32436204330986,0.0,0.5687054419820834,0.3919488000125154,0.0,2.3977603712857727,0.0,0.0449905629214087,0.2878894483115385,0.0994621762390995,0.0,0.2639387653059471,1.3784314612949091,4.768473518472003,0.8017544459956685,4.579273848343098,2.746365688704078,0.0,1.0289442925939816,0.0,0.0,0.2191782181251662,0.046,0.1898256181946517,19.90147908289713
C3L-01662,0.2339601563712291,0.0,0.0015842262435894,0.0,0.0,1.0734906212167663,0.0072073392869032,0.1283568868293162,0.114600898324425,0.5607171936398162,0.0,0.0,0.0,6.576155841485158,0.6295735790728786,3.4297363849410645,0.681730724471901,0.2354039503496397,0.5223648190514518,0.0,0.0166463483107072,0.4065726350585732,0.0,0.669029957472513,14.61810160465342
C3L-01687,0.9113671691874494,0.0,0.905768513355327,0.209377060649719,0.0,5.331752393847911,0.3457384995505295,0.0818075696205513,0.0,1.7406930859221654,0.0,0.0477865135480948,2.7023179512974624,0.6110181608774035,0.8163266363978366,4.349391460136646,1.899127988272402,0.6602309018768701,1.2364334678720277,0.0,0.0,0.0,0.038,0.2044523579916004,21.8491373724124
C3L-01689,0.1915313525985255,0.0,0.0090623694288848,0.0,0.0,2.432191091436541,0.0,0.0376845107661182,0.0,0.0,0.0,0.1542935175170654,1.2568402341617868,1.2602222134717571,0.0776872753323987,3.49566668201082,1.8203973176256985,0.4232503673076577,0.6124355242384079,0.0,0.0,0.8489306023357513,0.038,0.2043799389786094,12.620193058231411
C3L-01703,1.486606685048904,0.0,0.9204131337158162,1.6399921420500585,0.0,5.363897362683041,0.0,0.0,0.0,0.9267832923335992,0.0,0.2715161602651022,1.1700512821661435,1.4789852124917946,0.8830197569291506,5.795922053107748,1.9749830036501748,0.0,3.340819802996191,0.0,0.0,0.0,0.016,0.2944957667346254,25.25298988743772
C3L-01971,5.973060870671987,0.0,0.6572187489115788,0.4342288782323326,0.0,7.355704810593098,0.0,0.0,0.0,0.168927647714534,0.0,0.9441380293078347,0.2588009116227425,2.112710859004675,1.1088845341052775,2.4362995614384504,1.38244271019272,0.0,1.14864659025231,0.0,0.0,0.1982997921979799,0.01,0.4224105399556755,24.17936394424552
C3L-02109,0.8061708512153597,0.0,0.060983625435161,0.6813430456799175,0.0,3.06902927274016,0.0226583857158768,0.0,0.0,0.0,0.0,0.0,1.012574716179137,1.676275003694718,0.2168746401427224,4.2633043188919135,0.0145378164502874,0.0,1.888324342209624,0.0,0.1216403589008387,0.0,0.046,0.1903002213493194,13.833716377255715
C3L-02112,3.8891173836567208,0.0,0.0426680193649166,3.293091853101065,0.0,3.150326257302484,0.6781635766411146,0.0,0.5308780490358239,2.2187207370198245,0.0,1.3622313580850869,0.8969537714460164,3.542457177493784,0.8960498648948654,5.063334027711066,3.3942746312719643,0.0,4.084105875410708,0.0,0.0,0.0,0.016,0.29792985514564,33.04237258243544
C3L-02115,0.586425975192175,0.0,0.5978266542636059,1.297957238235394,0.0,2.9913755196893197,0.0,0.0,0.0,0.0,0.0,0.2322461245373582,0.2367458703991362,0.9378158477220262,0.1094183531639375,4.446884188086953,0.8500944652749339,0.1275051174474045,2.928502000227713,0.0,0.0,0.0798110997293731,0.034,0.2111440877134182,15.42260845396933
C3L-02116,11.46356519593872,0.0,5.218336916892885,1.959234844824727,1.8655871784394,6.478089345701775,1.472942875931129,0.0,0.0,2.1074384683298195,0.0,0.0,0.0,5.238975349348345,1.5111104593612914,3.750641222139599,0.2807322560940629,0.0,0.128738649831644,0.4131049518140566,0.0,0.3330475326407069,0.0,0.5931032959815176,42.22154524728816
C3L-02118,0.1706801343169748,0.4050195786239822,1.576467344891388,1.3614077385681045,0.0,5.025129597943658,0.676307552251853,0.0,0.2706956384376719,0.0081034185977761,0.0,0.0,1.111923433007903,1.9640706775118888,1.255987279862842,3.7744519765958953,2.4700644334846382,0.0,2.582056366809637,0.0,0.0,0.0588543224256826,0.034,0.2116062116389955,22.711219493329896
C3L-02463,0.1422502618158382,0.0,0.1774873205534491,0.6230985235740252,0.0,3.803209068782389,0.0,0.0,0.2225202413112817,0.0,0.0,0.0,2.696221989101913,1.4230698229855998,0.1262793124470602,3.9463188249640098,3.880996932357926,0.496695329490305,1.6382587949156158,0.0,0.2866375728308186,0.0114314059098866,0.022,0.2273242870557137,19.47447540104012
C3L-02604,0.0,0.0,0.0054954998873813,0.0659933877756994,0.0,1.0169328547068008,0.0,0.1352475994157911,0.0,0.0,0.1368845284480493,0.0,0.0,6.645463797775084,0.2049600005542415,3.737524312759192,0.0,0.2139624741614888,0.0,0.5765948771855254,0.0,0.2113154553033376,0.01,0.4288578982669851,12.95037478797259
C3L-02606,0.0,0.0669415308196929,0.0,0.0,0.0,2.082999880466488,0.0,0.0316681746379387,0.0,0.0,0.0685877793910599,0.0033419984306609,0.0,5.702823722772409,0.1381834015958091,3.297485182206483,0.0,1.830105111254441,0.0,1.914631116914734,1.1928307583973483,0.6409036560654509,0.002,0.5074049505585773,16.970502312952515
C3L-02610,1.664273585338587,0.0,0.5637640866898633,0.8054944418549839,0.0,3.803393578808308,0.0,0.0,0.1866535083444656,0.5560798816636171,0.0,0.7464813110167422,0.1778678626248511,0.4569562532345509,0.7939923440917683,4.38141621318035,2.419774211622309,0.3178009516811807,3.85565983989412,0.0,0.0,0.0691530864166801,0.022,0.2294253540048216,20.798761156462376
C3L-02613,0.0,0.0,0.0152560339389312,0.2066275248448104,0.0,2.305297323555928,0.7880183753977031,0.0251525780933237,0.0,0.0,0.1012997331473185,0.1271058302658979,0.0,3.4060349780429187,1.852246739887728,4.105012156546404,0.0,2.876836219227437,0.0,0.0715399182891865,0.0,0.147508974287917,0.012,0.3943650326706991,16.027936385525503
C3L-02701,0.2337901795747883,0.0,0.0886495784792525,0.0,0.0,1.6042738022497594,0.1515610326873124,0.0310407489173231,0.0,0.0,0.1691434056561978,0.0,0.0,2.840349193125624,0.0097581461301014,2.960774945426777,1.666252056963245,0.514155550044327,0.8751010947206499,0.0,0.6071583674355893,4.058629721382051,0.054,0.1763613949530641,15.810637822792998
C3L-02809,0.0013633818696772,0.199808396432801,0.0,0.0,0.0,3.419897408913143,0.2013611797215955,0.0064184421174682,0.0,0.3940469033828418,0.3272706761027333,0.0,0.9141660487808608,1.5826628918715469,0.6737492796999349,3.595514913665713,2.186058547044504,0.0,2.022710711745189,0.0,0.1756931110278334,0.0,0.082,0.1436648877209619,15.700721892375842
C3L-02890,0.1828650637257383,0.8100353779490851,0.0397601914374143,0.1199034537089647,0.0,7.540262328475975,0.7963776579558919,0.0,0.0,0.0,0.0847389495019887,0.0,0.5519900687738182,1.1840775351698216,1.266936631655052,6.736047953092208,2.649132019690993,0.4004227970019878,2.355080247982087,0.0,0.064012282529197,0.3691126694255181,0.038,0.2038492612570787,25.15075522807574
C3L-02897,0.6408112659722974,0.0,0.1367975920944807,0.1872001082670139,0.0,3.398369849475862,0.4541483629547901,0.0,0.0,0.9605269701805772,0.0,0.0,0.0,3.4091543063486625,1.2930114309970713,3.0895555391745297,2.9956807387065374,0.2508094158710196,1.3096056966394982,0.0,0.0,0.3640606170499785,0.016,0.2903357052773933,18.48973189373232
C3L-02899,0.2573847470521005,0.0,0.0452643500769313,0.0,0.0,3.525173039820688,0.0792782110530332,0.0105446305538021,0.0,0.1921099188054498,0.0,0.0,0.3691411666758175,4.748156686920228,1.405202634205474,4.150702994775273,0.996009491649504,1.0457756005215055,1.7707494109713444,0.0,0.0,0.3891382852369673,0.014,0.333069191879091,18.98463116831812
C3L-03123,0.7225953719358552,0.0,0.0265176354230355,4.999859770868871,0.0,2.201490242761337,5.588597916196204,0.278569333962076,0.0,0.0,1.0661087697852285,0.4238191754635093,0.0,7.074686945537962,3.1886161618965394,5.956714791466127,0.7362986418167787,0.4735906349631449,1.0580648015896896,0.0,1.6757033168054003,0.6961673551776512,0.02,0.2474846305334401,36.16740086564941
C3L-03129,3.5017651205570823,0.0,0.0,0.2833621701344007,0.0,8.076444662016966,0.3051925922383484,0.0,0.0,1.9092418683255803,0.0,0.1571324780419435,2.061242454333692,0.5271518160206182,2.6562711390719134,4.313710246653344,2.362731941067416,0.0,2.2842738808939265,0.0,0.0475712804148044,0.493125460802953,0.012,0.3653424730246268,28.97921711057299
C3L-03356,0.4993519163515535,0.1634312918750962,0.0,1.1687234918418692,0.0,4.6367829173798345,0.088956467129494,0.0,0.0522226318879277,0.5401437403374062,0.0,0.4455352252996198,0.0,4.8608774193719935,1.0961296790156398,5.238054066920408,3.603978739571284,0.0,3.211205804919035,0.0,0.0,0.1985632750759733,0.026,0.2200930811869972,25.803956666977136
C3L-03371,1.0738091760514268,0.0,0.143091516423511,2.5051837057790727,0.0,5.611601906535611,0.5662236902472132,0.0082481487971339,0.0,1.5650234936984604,0.0,0.4005145446091693,0.0,0.8134656606427125,1.3895158205059226,6.265270129955643,2.027135945811296,0.0,2.9225068334919206,0.0,0.3352020641103115,0.3799616119077081,0.014,0.3290223317562116,26.006754248567116
C3L-03388,2.0388839666614724,0.0,0.5918863361840638,0.2211058519696669,0.0,6.024667387814216,0.5542599010004257,0.0,0.0,0.7531777220394381,0.0,0.4874861197987667,0.0,1.82750946811989,0.5870527191850873,2.4207011557912725,0.0705215977513126,0.7903313052488544,1.35215597034324,0.0,0.0,1.232068904233826,0.022,0.234724778798215,18.95180840614153
C3L-03394,8.330149534071204,0.0,0.0,1.9080201734323063,2.2447323598203357,11.07792384521172,2.236836816247127,0.0,0.0,1.1495365304353682,0.0,0.0,0.7683983334835197,0.0,0.6019875790156387,5.9010777726346095,1.108519705426846,0.8179946942880513,1.9426438742450345,0.0,0.3037878719924463,0.0211514436317839,0.01,0.4330938576347798,38.41276053393599
C3L-03395,0.0,0.208863205764997,0.4717372188546697,0.8134493794759006,0.0,3.3314242556910565,0.0482922824838458,0.0,0.0,0.0,0.0,1.0356861820585406,0.7660682424879125,3.157513158046899,0.4127395643040555,4.531055255077418,0.3538606084470421,0.287991516959216,1.4838678474764406,0.0,0.0,1.4426638314107725,0.048,0.1855982330412413,18.345212548538765
C3L-03628,0.5134997600738259,0.0,0.2746782852348083,0.0896876346664838,0.0,5.446254740574332,0.6600161599869423,0.0,0.0,0.1308850644249088,0.0649427687589322,0.0,0.1588262859026901,5.445220991685408,0.6452612176657165,4.962132124862137,2.0197065381276103,1.82704832109453,1.2955365441361115,0.0,0.360517670190181,0.4590512397376932,0.058,0.1679306002879705,24.35326534712231
C3L-03630,2.0904876692435828,0.0,1.0213346800023335,0.3314808625428755,0.0,3.3988545478620598,0.0308053261836392,0.0,0.0,0.0048733571442429,0.0,0.6797307420269936,0.0320308650827059,0.6891124407742836,0.9935987591814318,5.253090630946729,1.0408943297737487,0.0,2.7576754102076726,0.0,0.0,0.3506799333148346,0.012,0.3937696017606969,18.67464955428713
C3L-03632,1.524079389014746,0.0,0.1583823916716664,0.6107449871247819,0.0,5.561944251264627,0.1033502811131193,0.4376819391490412,0.0,0.9921524370882632,0.0,0.0,0.1255635104547469,0.1246396625130995,0.8464939596240227,3.9326239913134686,2.6500813622947965,0.0,3.0681560788617555,0.0,0.0,0.0790753593023928,0.036,0.2053940007398768,20.21496960079053
C3L-03635,2.017170100002687,0.0,0.0836738395551226,0.5800113368840725,0.0,5.836372234568006,0.0,0.0,0.0,0.4175313949533692,0.0,0.2824010196515185,0.7607800674704761,0.9903853272808186,0.6683956761883071,4.32201990072373,0.5418384509073862,0.0,0.6845289430802014,0.0,0.0,0.0,0.022,0.2267976025857435,17.185108291265696
C3L-03639,0.0,0.0,0.04446836906301,1.7464239266885957,0.0,0.0,3.097546373205588,0.1196046635231862,0.0,0.0,0.9857744666443058,0.0,0.0,1.5747883155417155,1.3918555858612385,3.265717992414859,1.624304915725695,1.8889080476330415,0.6025113356143306,0.0,0.0,0.7013725054924956,0.016,0.2989970989178016,17.043276497408062
C3L-03743,0.0,0.0,0.0325013520763235,0.1204835377003221,0.0,3.2980371435087115,0.118008104293034,0.0,0.0,0.2270279804776526,0.0,0.0,1.9556321279957765,0.274531526701995,1.1535620422734492,2.1829784279706668,2.112601139931162,0.0,2.079827791194174,0.0,0.0,0.0,0.066,0.1602090416440639,13.555191174123268
C3L-04027,0.105543074511738,0.0,0.1119716406079314,0.2609064401696791,0.0,3.700663262372344,0.705104821561992,0.0,0.0,0.0,0.0,0.0,0.8271529580602973,5.274091313989559,0.9733323840387192,7.174252974968722,4.858131182004584,0.1419255194793729,1.5765468923350272,0.0,1.353911370892274,0.5816136347376385,0.002,0.5884529502114619,27.64514746972988
C3L-04072,0.0,0.0,0.0060285444287914,0.0,0.0,2.293783772760392,0.749421072179243,0.0,0.0883135101586054,0.0,0.0622647447454352,0.0,2.1154688599495404,1.4700969221847224,0.6733781736272253,2.947436378458183,0.4671141542433268,1.1685461922575604,1.377985419818319,0.0,0.2778096626569984,0.3369126922985769,0.068,0.151508954383345,14.03456009976692
C3L-04080,0.698377318093467,0.1114128309978499,0.0,1.4146194180955736,0.0,5.515839145173508,0.0,0.2858876470301321,0.0,0.0,0.0,0.7096638861503741,0.7807359308402362,0.7158118191967648,0.2972313615043209,3.409081091492909,0.7371631103617902,0.2447432597174254,2.690975379405186,0.0,0.6661277040716578,0.357472481753113,0.044,0.1950326301865742,18.635142383884308
C3L-04473,0.0,0.0,2.3433518429799287,4.481587016540795,0.0,5.527409885819263,1.1251625482137309,0.0,0.0,3.5455414017752878,0.0,0.0,1.0082114782192273,3.0404588351362087,3.106836929779021,5.316054977432671,1.7450813645668506,0.0,1.0936358586869397,0.0,0.0,0.0,0.064,0.1627978231713591,32.333332139149924
C3L-04475,0.0970425405934724,0.0,0.1709757557566706,0.8036707358408393,0.0,5.8364485222392375,0.0451195577313255,0.0,0.0,0.0,0.0280183507070158,0.0,0.0,0.1604184082107148,0.5498075970225772,4.76490325103874,2.0172070676297515,0.1181439615904414,0.8786090316466015,0.0,0.0,0.4242766813996697,0.054,0.1733444409899007,15.894641461407057
C3L-04479,0.0163225522282845,0.0,1.676422017458595,0.0,0.0,3.560196782010092,0.0578608124150816,0.0,0.0,0.1619950848088276,0.044822403710143,0.0,0.2858013392883895,1.9492704045982163,0.3282711149704029,6.058889697934874,0.9468150657068684,0.0,1.7703211873819975,0.0,0.9986352791325792,0.1615477753151902,0.032,0.2130792244139706,18.017171516959543
C3L-04495,0.8376477504578752,0.0,0.9603655924571316,0.374601659423202,0.0,5.732247134511655,0.5886816244057,0.0758285043646507,0.0,0.7600764372163799,0.0,0.0,0.3262861845290211,4.247643764117253,0.4000505230002235,5.317633197503314,2.448397300119488,1.1640197648435628,0.9976392949587458,0.0,1.0865996745421598,0.0066809764016806,0.022,0.2313041829779242,25.324399382852043
C3L-04848,3.13786161964809,2.7174022951362,0.8497409555935782,0.8299562699253346,0.0,8.97714783291907,1.967966842772596,0.0,0.0,2.394004601449397,0.0,0.0,0.6934412433354048,0.487451055917397,1.950050982719078,2.6010249639525944,4.339038483401998,0.7572389462648156,1.041075936913343,0.0,0.0,0.2178767123811748,0.012,0.3840656047864872,32.96127874233007
C3L-04853,0.0,0.0,0.2492166038109211,0.6876430567777384,0.0,3.040451442200036,0.2241349955472162,0.0,0.0,0.4101929973654786,0.0,0.2772476807818271,0.0,2.662113511171781,1.1570263243901429,3.1751742231427227,2.1888833386036586,0.0,1.0177272638046742,0.0,0.296619935555447,3.316790279129839,0.092,0.1349178841852568,18.70322165228148
C3N-00198,4.712036439197779,0.0,0.4475177252796213,1.0640627969772174,0.0,5.888639747642112,0.284723731390134,0.0,0.6683899386167038,0.0,0.0,0.7967149311918472,1.812897504064296,3.621045263667776,0.1330795633398556,3.7752460468692792,3.423189458261888,1.081713265364984,2.500105247780128,0.0,0.953531356399566,0.8325103850393049,0.01,0.4271029127216397,31.99540340108249
C3N-00249,4.016160096316793,0.0,0.9397307395830165,0.6197603460370648,0.0,5.720968731711385,0.0,0.0,0.1529221466611555,0.0400627105026408,0.0,0.2922693966902069,0.262096108033066,0.6615096096999047,0.273230238119738,2.372292508842977,0.0535158941938852,0.279505360771282,1.3231333833800412,0.0,0.0,0.0,0.01,0.4084036025453816,17.007157270543157
C3N-00302,0.0,0.0,0.0448475344569208,0.1966049753141714,0.0,3.03078376560962,0.0,0.0119150432202699,0.0362951039874626,0.1234214841762857,0.0,0.1898490186099538,1.340510040492358,2.923738088355882,0.9043640421548246,3.7702861107296575,0.0,0.6890864501779981,1.1000335820823302,0.0,0.0,0.0,0.03,0.2163360606676869,14.361735239367736
C3N-00303,12.576100969796537,4.322097311694299,1.2726117336025964,11.428858097966543,0.0,2.142220786787567,2.308571459748571,0.3411675968081202,0.0,2.6260107482465096,0.0,0.0,0.7257876065748038,1.5406395403718949,1.972331347679384,5.663066606407283,1.1099195513653637,0.3586533427505828,0.0,0.0,0.0,0.0,0.0,0.5951935716131033,48.38803669980005
C3N-00436,0.3058927850953895,0.0,0.0371475115872989,0.2504214005395347,0.0,3.5628700466945804,0.0953162296175438,0.0,0.0950070372637338,0.0,0.0,0.0,1.2731591226715937,3.3486228559560525,0.5723003012479816,4.697753223257915,4.028931394284591,0.0032673125008911,0.9916050295377145,0.0,0.0008,2.695878406323594,0.014,0.3284029232382029,21.958973099696983
C3N-00511,0.5490835783991993,0.0,0.0,1.3533158392571505,0.0,4.341369964012358,0.0117701707942695,0.0,0.1666870133778444,0.4075661270435086,0.0,0.771086088563262,0.0728823344475135,0.0,0.7211974151563377,4.343571050259456,3.142102506081172,0.9850789590682422,5.255720152279068,0.0,0.1171453971117283,0.0,0.026,0.2200364224042152,22.23857659585111
C3N-00512,3.1596486122950327,0.0,7.7478094504849055,1.7310418124875877,0.0,7.219534021660658,0.7733594923223516,0.0,0.0,1.2611425113994523,0.0,0.1452703691940459,1.5588764278752525,0.3005308105918234,0.9558857021823248,3.7985186375357727,2.8275631314271417,0.0,1.774919971287093,0.0,0.0,0.0,0.006,0.4518278116189773,33.25410095074344
C3N-00513,0.143628806363864,0.0,0.0043505477310178,2.37353088492166,0.0,2.5319815649307538,0.2321661077298811,0.1734165079911635,0.3460000678095674,0.5535586194923637,0.0,0.4985062581030191,2.450770071280515,1.6383663422475303,0.7390888433321156,4.340868038593092,4.125498325311671,0.0,4.560374473117151,0.0,0.7456833502014127,0.1460111756524022,0.012,0.3783553802973356,25.603799984809186
C3N-00514,2.2774598266421675,0.0,0.0020956746467295,1.5280226582260752,0.0,7.182254700163372,1.7421964282251667,0.0,0.0,1.189977998824882,0.0,0.0,1.4683224813535989,1.0580250552492,1.2941205411726102,6.542547743042403,5.019974837536241,0.0,2.652561826808409,0.0,1.6531255182655225,0.6188182611336525,0.034,0.2089524749269766,34.22950355129003
C3N-00516,1.1360345830664156,0.0,0.0,2.432006238346889,0.0,2.871403844298593,0.1353039979195361,0.0,0.2436220478234723,0.2276034519155917,0.0,0.8945748392323447,0.0194495745598289,0.8959331014031003,1.318563534820219,5.660074505726904,3.942322477109234,0.0,2.191309206998938,0.0,0.1573869821249038,0.2455904596814327,0.02,0.2618025484671855,22.3711788450274
C3N-00517,0.1995408471608692,0.0,0.0780383582021871,2.300848537165872,0.0,4.458675240397374,0.0,0.6865458146840314,0.8230855669099489,1.2755265391817086,0.0,0.7822952291596259,0.7047067851647582,0.7141409904957307,1.3518024673050737,4.909672052963112,4.669871604460002,0.0,0.8710037071819582,0.0,0.9821467516413844,0.0,0.02,0.2475650450310664,24.807900492073635
C3N-00518,0.0421150772130304,0.0,0.1286527765846406,0.2032283269117408,0.0,1.8241893791668609,0.0,0.0,0.0,0.0893609576276969,0.0,0.3336327599560957,2.8271109715538807,4.357080204141306,0.2478844387139276,4.194748559216576,3.2435819111528903,0.0,1.287103630585561,0.0,0.1621431325050366,0.0,0.01,0.4430101428297588,18.940832125329244
C3N-00709,0.0,1.2983232753116314,0.1094054891006381,0.4931018427304487,0.0,4.869301942810373,0.1097331636806028,0.0,0.0,0.5008454890890388,0.0,0.0,0.0,2.550499589154686,1.0241130874404676,5.309584731241043,0.9298273437735466,0.346433262564194,0.9162982302906048,0.0,0.0,0.0,0.044,0.1968266704844457,18.45746744718728
C3N-00957,8.572048850392495,0.0,0.7700499911662414,0.8817093559878632,3.755400649659112,4.714280830602046,1.15411038652643,0.0,0.0,0.4529053773846619,0.0,0.0,0.6462412455861458,2.3222146472211267,0.5686773397087423,2.643105044463316,0.3327095438628381,0.0,1.475860506585277,0.0,0.0,0.2498016733516516,0.002,0.4691621896004284,28.53911544249795
C3N-01011,0.5470223316057209,0.0,0.0894503074303813,2.13661333461445,0.0,6.390098307837914,0.7772401729787197,0.0,0.0,2.5592068760374524,0.0,0.0,0.0,0.5618256534618393,1.2676722436879202,4.513329101205919,2.3896309781843508,0.2336215390803547,3.884485365050177,0.0,0.0,0.3344410120943292,0.054,0.1702368966314474,25.68463722326953
C3N-01012,0.2540387412932077,0.040168666902767,0.0,1.436982209349604,0.0,5.241961550653673,0.1318750609663374,0.0,0.0741827594277138,0.0,0.0,0.0,1.0573098717819047,0.8443045779388338,0.7677860198513508,4.953916711311757,3.8141748203673194,0.0,2.841099846021316,0.0,0.0,0.1185110635894725,0.034,0.2128804710725338,21.576311899455256
C3N-01165,0.6905921799506178,0.0,0.0,0.0,0.0,2.562195057319196,0.2046788002032082,0.0,0.3567137109902026,0.7726729199066625,0.0,0.4986402098367103,0.0,5.406281661770537,0.9996096613403292,8.145034374766249,1.2862574171656551,0.7287583695937992,0.0,1.1413579390809876,0.0,3.0923601976501214,0.02,0.2536635346300949,25.885152499574275
C3N-01166,2.1958473077068983,0.0,0.0,0.6863881064032641,0.0,3.781169714950015,0.3136545730690422,0.0,0.4659060802142104,0.5796710361333219,0.0,0.3963961850783788,1.279217464928473,3.2447826827689825,0.9716165226775586,6.537205328376236,3.1786607516923597,0.0,4.126191702204681,0.0,0.0,0.6038096596551488,0.044,0.1926180488004059,28.36051711585857
C3N-01167,0.2784905327852937,0.0,0.0486891940264221,0.0,0.0,3.7187889484961234,0.0294973060696429,0.0,0.0,0.5372492003466113,0.0,0.0,0.7579748883515322,1.288852630136596,1.2456931420336206,4.871441242709663,1.9835228502455904,0.0,1.0884032558593126,0.0,0.0,0.0,0.162,0.0793166761283787,15.848603191060407
C3N-01168,0.5221781427614199,0.0,0.08889261241772,1.75067661993555,0.0,2.5736396675753195,0.390956750580811,0.0,0.4364598173906783,0.4245402294135274,0.0,1.513847064538867,0.0,1.1597734323539206,2.6520220333015456,6.58895822189848,0.7254000418001422,0.0,1.09285841878474,0.0,2.196024816840346,2.408790774155928,0.02,0.2505009008387404,24.525018643749
C3N-01375,0.0629057955065314,0.139240462580345,0.0,2.1061405596480305,0.0,2.312750936989307,0.0,0.0,0.0,0.0,0.0,1.0785884176366078,2.2385040516672285,0.8803747792373692,0.4882014095661939,3.449265677356748,0.4681831053422168,2.252634466147112,2.748483626689364,0.0,0.2339789746004972,0.1225345801431362,0.054,0.1718721139834002,18.581786843110688
C3N-01379,2.408281917495969,0.0,1.801720167109508,4.2825630313533525,0.0,1.817704373463544,0.1479921671429171,0.4145645366223827,0.3342747597010497,1.3209233048109792,0.0,0.3243867947435733,2.191383452246879,2.6102311977357897,2.0355921101774075,7.412881062830845,3.1354326596010904,0.0,1.904390762424951,0.0,0.3138366567518435,0.0,0.012,0.3612086576911994,32.45615895421208
C3N-01380,0.9996176656524648,0.9399026363290804,0.0,5.247821507091169,0.3996823131714037,3.550716050019469,0.0,0.0,0.0,0.8341966284660276,0.0,1.2465410532286627,1.5983542834981512,1.6794517187878832,1.0115487998284811,6.438675362857468,2.371084504004151,0.0,3.165390642147091,0.0,0.0,0.0,0.02,0.2447626777324621,29.482983165081503
C3N-01381,1.249491580766075,0.0,0.2990094784038202,1.4118816231412137,0.0,2.1279100013018524,0.0,0.1345810664662916,0.0,0.0,0.0,0.3979395941668667,1.0153157478843875,0.8057087495130102,0.8980499708996645,4.013899097041012,1.2403288683138354,0.0,1.2290005049948567,0.0,0.0,0.1023751771425579,0.022,0.2272298042283314,14.925491460035444
C3N-01382,0.1757020289070416,0.0,0.1962927033351607,1.2023153436223373,0.0,2.148800917848859,0.0,0.2264937431787952,0.779631000564012,0.0,0.0,0.8148046373389997,1.1549841971834025,3.502114477295992,0.7453013495776822,5.134278151542361,3.246844492730559,0.7403803995727226,2.272499815113443,0.0,0.4933888760617805,0.3221890107762892,0.1,0.1307226396610267,23.15602114464944
C3N-01383,1.3434790941169736,0.0,1.317584818287045,0.3549859086516179,0.0,3.5475760292213714,0.0,0.0245611572467285,0.0073154376299878,0.0,0.0,0.3553016744101941,2.5650583072097413,2.0912720334209047,0.0697755479854281,3.4259994992575478,4.87015039557116,0.3036195271987352,1.0041878803845317,0.0,0.4905180605189814,0.4115221339918412,0.012,0.3601087244432165,22.18290750510279
C3N-01388,0.6037866058445099,0.0,0.0321482314188492,1.0435411222159914,0.0,4.926165654653324,0.0,0.0,0.0,0.0,0.0,0.728295076142176,3.4529855861018843,4.080201377604289,0.6456301860432773,1.9425196423721172,1.4687146539057778,1.120720367333912,0.2596324136900256,0.0148737209971398,0.0,2.2627952298441536,0.068,0.1555000006961195,22.58200986816743
C3N-01502,0.5178410823630896,0.8775319716522754,0.0,2.358118376282154,0.0,7.119980953748629,1.110956906568293,0.0,0.0,1.120359856095342,0.0,0.3594784890332597,0.0901248339167408,5.552211900524843,1.0704720262653111,8.989560955364155,0.2786454348158786,0.0,0.9836798007412472,0.0854208296713031,0.0,2.1745266262965983,0.052,0.1790509386592916,32.68891004333912
C3N-01714,0.2695716103293517,0.0,0.1759102600601351,0.8220778024227112,0.0,3.563257602897854,0.3583274253660101,0.0,0.4997844343633116,0.0,0.0,1.0461130414963673,3.2551793831619604,3.802087490412149,0.5376074623132763,6.354085662009431,0.9966009627976252,0.0,3.463005940210199,0.0,2.921157953606678,0.308102823565669,0.11,0.1218973162475936,28.37286985501273
C3N-01715,0.4236088750126983,0.0,0.4087918791540726,5.949583535508579,0.0,1.5108759939073766,2.05889083988328,0.649346083538282,0.0,2.966727883310213,0.0,0.4350977521329295,0.0,2.13252289798945,2.250724084105864,5.567931767441018,1.1965589428807042,0.9423145005988616,1.296250212969583,0.0,0.0104242519433852,0.0238148878293019,0.014,0.345345420689874,27.8234643882056
C3N-01716,0.0,0.0,0.2807286173695127,0.6545647736573601,0.0,4.776012878984992,0.4658366309637095,0.6417076095519235,0.0,0.0,0.0,0.4344467876097367,0.3164069894585893,2.1857099619173788,1.3970978102733278,5.697251804554464,1.2619168573495343,0.0,2.97841489932724,0.0,0.0,2.2718069871534627,0.02,0.2490639522978957,23.36190260817123
C3N-01719,2.7665469683303896,0.0,0.970570491428276,1.196898642325329,0.0,8.794582048348087,1.8962834677520584,0.0,0.0,1.2018724530272975,0.0,0.0,0.2264272169688671,2.25207888182804,3.389061457749387,5.18539441843144,0.0,3.8485846322677566,1.5343476953561508,0.0,0.4666966317899646,1.5612467783836557,0.012,0.352756196667933,35.2905917839867
C3N-01900,0.4804007120628039,0.0,0.1200116428070767,2.573095043858358,0.0,4.530227082052626,0.2165325113143374,0.0,0.0,0.7428537611224661,0.0,0.402888379380593,1.977387902112967,0.4472248492361372,1.1904471886545631,6.42624217097743,2.3604159518952788,0.0657212524929073,3.3447362858847107,0.0,0.0,0.0,0.016,0.2929914282129373,24.87818473385225
C3N-01907,1.8046224445609296,0.0,0.4342338361278092,0.8539987472876213,0.0,3.8929333882986814,0.036256218221641,0.0,0.0,0.1951800298778881,0.0,0.7168603515672376,2.2437202931312243,0.0,0.4530226257435888,4.818637478513987,0.9795654436152572,0.0,3.2143616185425667,0.0,0.0,0.1168758059505772,0.018,0.2770144297070979,19.76026828143901
C3N-01997,0.0586678014942111,0.0,0.1121830206349448,2.185996041796036,0.0,2.481042666755325,0.0,0.0931507149157426,0.1535241755382678,0.5198759639925044,0.0,0.6614203101275885,2.5096566523587502,0.0821086910341023,1.9120506747916717,4.900741751799842,2.5055000246688066,0.0,2.702270907626626,0.0,0.0,0.1473010188219264,0.022,0.2291787166683818,21.025490416356345
C3N-01998,0.52786699666687,0.0,0.1181298297930549,1.4551106715773643,0.0,3.454623567460988,0.1730257330853016,0.6572540786136363,0.43924235060493,0.8599260044345554,0.0,0.8674751791990042,0.969394293615824,1.1223060937212477,3.883187144797583,3.016055247797024,1.6525850246399814,1.745609512439002,2.879018722203285,0.0,0.0,0.63620019161451,0.026,0.2197217382730068,24.45701064226416
C3N-02010,0.0962517451397932,0.0,0.5031384138334226,0.0035717335830884,0.0,4.795476062647214,0.926322229394498,0.0,0.0,0.0946156170154184,0.0,0.0,0.0,0.5176486528518178,0.2569420267718251,3.1780425514061608,1.101254414340646,0.0,1.609514176641625,0.0,0.2192419337990669,0.7564525903635644,0.17,0.0760114710855415,14.05847214778814
C3N-02295,2.7413752797833943,0.0,0.7324198477203941,2.583412498001715,0.0,9.351208166612691,2.209406215684244,0.0,0.0,1.3768994329114788,0.0,0.0002,1.8969548960404867,0.9071119017050466,1.145699353316969,5.268414616773883,1.1415930754982448,0.0,2.742692445058685,0.0,0.0874394970259734,0.0,0.016,0.3189418097037428,32.18478493544713
C3N-02573,0.0,0.0548190985463375,0.0282766226226856,0.2169172700453991,0.0,3.978916019702254,0.8673414823090478,0.0,0.0381146206008639,0.4162647673822658,0.0,0.0,1.6996945367284615,2.50120170201263,1.6766936845957217,5.899258120778221,1.1886012757212283,0.9196390325690842,2.180820122915539,0.0,0.0,0.109308130087785,0.024,0.2220845598803483,21.775866486617524
C3N-02579,0.3244436958119858,0.0,0.1791717398162366,0.3924527212749985,0.0,2.7439847811310627,0.0,0.0,0.0,0.0,0.0701903281037936,0.1215378143422131,0.0,3.322383893775545,0.0432682316807927,2.281613173066292,1.580219061529495,0.7239248511083901,0.2328655389882479,0.430931721642166,0.2092866413732412,0.4628505483156346,0.022,0.2361534910193566,13.119124741960094
C3N-02585,2.360203945718479,0.0,0.1691990006551427,1.2824766586644432,0.0,7.054411091303875,0.0,0.0,0.0,0.1293758432463925,0.0,0.2675845924765472,0.0553902608078476,2.1330880285563256,0.5701204118782193,4.014427277925475,1.3629405607428808,0.0,2.592136721950923,0.0,0.0,0.0680181085414783,0.018,0.2722521255437595,22.05937250246803
C3N-02589,0.7593563601748622,0.0,0.0452369497963161,0.9608637796912508,0.0,4.680538807361828,0.0299369024961528,0.0,0.0,0.5704988449568458,0.0,0.8314483318296392,0.4103996421116297,0.7375787638084186,0.7023807906869567,5.510982736736075,1.5234515734113634,0.5402109931357033,3.102634177096733,0.0,0.0,0.2584842750104034,0.066,0.1591011360229315,20.66400292830418
C3N-02592,3.3995615541931263,1.4038145143078982,0.0,1.6220802456592442,0.0,5.363691176921355,1.1097775525113531,1.3198123193223503,0.0,1.1862107142039895,0.0,0.0,0.1894040239322445,1.5010021556216948,2.589473821321885,6.192757354904376,1.052735619373929,0.1384033397532426,1.9368772244852093,0.0,0.1348411833351686,0.0,0.01,0.4306389782811577,29.14044279984707
C3N-02768,1.1989707335910702,0.0,0.062106835185635,0.5098446339441949,0.0,2.2220748285491285,0.0194119366604274,0.0,0.457398033705485,1.2822646116670338,0.0,0.0430547738479095,0.0131886226206237,2.4700808583915057,0.9204781301716296,4.96244799145308,1.6809852121356843,0.0,2.222628945212717,0.0,0.0078841543730058,0.4407346790065005,0.044,0.1962939122005616,18.513554980515632
C3N-02940,0.8949357028459278,0.0,0.1205130394652422,1.064753253362523,0.0,6.169782758201922,0.9051669339886498,0.0,0.0,2.95891840074793,0.0,0.0,0.0,1.7608595525601578,3.2372085568792413,3.6705443990659417,2.3648972217892257,0.0,1.775343511229955,0.0,0.1302387235213223,1.407235757156633,0.016,0.2999247412277096,26.460397810814676
C3N-02944,2.4932135997736458,0.0,0.7759655160765833,2.368498374632026,0.0,4.648937664394134,0.2111240614609257,0.0,0.4550013912653259,0.0407136091164,0.0,1.1620859168706037,0.2633956852834845,0.724525819146016,3.5565754603682604,9.203095403106383,2.9723712057577063,0.0,1.9199501653379656,0.0,0.0,0.7583848705799966,0.02,0.2509948958590957,31.553838743169457
C3N-02971,1.5501829738382742,2.0798893479605467,0.8069398041959943,2.3125401777650088,0.0,6.11355509478043,1.0714013881016822,0.0,0.0,1.9259399345631607,0.3066316188625502,0.0,1.954217747358,3.692342251811746,0.3574034284002818,4.324135620756128,1.198324331473226,0.7050698671564174,1.162568015074837,0.0,0.0,0.4533400346259065,0.018,0.2716687461063684,30.014481636724188
C3N-02998,1.6781950527004943,1.333008821201702,0.0,7.655296952274568,0.0,11.107994677658382,1.3335682665246946,0.2706689788058994,0.0,3.5679560890568145,0.0,0.3368951281017911,0.1943668967375703,0.3057550485260047,5.040070447597028,4.5159867919725984,1.4423061502435337,0.0,0.0,0.3288652717081759,0.3008805163465947,0.7829808572759098,0.016,0.3176566437322616,40.194795946731766
C3N-03000,0.018594406273288,0.0730407428854788,0.0,0.5504114145637655,0.0,1.3151382910931688,0.0,0.0,0.0367069339853311,0.0,0.0,0.0,0.0,5.359469583526076,0.116198125517563,2.8690865515996946,0.0,0.0158303211564752,0.0,1.2370086258898494,0.057833676230898,0.2002806086975792,0.01,0.4294355416254207,11.849599281419168
C3N-03006,1.1919345826469598,0.0,0.4570380001342533,0.8728712191239278,0.0,6.002745136702822,0.5386917854474533,0.0,0.0,0.3322991510334315,0.0,0.2168633279513518,2.6037292122988007,1.5540185163347622,0.6905220153735324,3.745053026344385,0.0,1.7229596371287377,1.4467075203029414,0.0,0.3987482107761453,0.2872730095329725,0.048,0.1850584886277678,22.061454351132475
C3N-03007,0.1982079799649638,0.0,0.1861834932958405,0.3672272478889693,0.0,2.8572327137120848,0.1004973134172409,0.0,0.0,0.0957113511204552,0.0,0.0,1.7075951269572838,2.1277340236652003,0.5193728638848656,3.403731526370204,1.721372022250496,0.0,1.121979274149887,0.0,0.0988158384338166,0.1705092637196448,0.054,0.1746694399244688,14.676170038830954
C3N-03039,0.1876436859902416,0.0,0.4124531738788642,0.0,0.0,1.1380722620833292,0.0,0.0114505505574431,0.1733593839994379,0.0,0.0,0.1817453266173955,0.0,2.8024331960967124,0.4612286380583347,2.424648112512631,3.0251281792281906,0.2148824668566696,1.355802860529982,0.0,0.1476750284437536,0.7681142640380031,0.1,0.128197414659569,13.304637128890988
C3N-03061,1.4042372806898196,0.0,1.5854383694592131,0.5216610920652162,0.0,3.117617865429937,0.7406989946173429,0.0,0.0,0.1433651134278139,0.1822791245881904,0.0,0.0,1.7203180367955213,3.0348097533916905,4.710330501238818,1.3394244403414712,0.7846537482891767,0.6516614622405892,0.0,0.0392203306796459,1.050415322306606,0.016,0.32496129177742,21.02613143556105
C3N-03069,0.0009,0.0114611764450324,0.0,0.0,0.0,2.04093211812921,0.1064647805177785,0.0,0.0,0.0186985302986958,0.2936833144807528,0.0,0.0,3.5327190004269267,0.402015225037593,4.657351432358693,0.0,0.2464193121924859,0.2439376335004456,0.0,0.0,0.5333356386726494,0.016,0.3206269253710028,12.08794436407803
C3N-03086,0.3220154519117121,0.0,0.3280585819556513,0.7257718726189345,0.0,5.32202022348401,0.18074426261382,0.0,0.0,0.1670066973430196,0.0,0.0,0.5366141817804373,0.0313583888124225,0.6076098869037591,4.4968146487887655,1.9667145826870889,0.1039641478637818,0.9101305151424108,0.0,0.0546207490383962,0.0,0.092,0.134472065016379,15.75344419094421
C3N-03173,1.7251204615785982,0.0,0.3774796680000024,0.0,0.0,5.673467765057726,0.0,0.0,0.0,0.458278960278991,0.0,0.3708762155675846,0.8050145694595471,0.9298603885251472,1.3570508994150392,3.045928542941356,0.9802163712495876,0.0,1.0136003558407387,0.0,0.0083886039048749,0.0005999999999999,0.02,0.2384698119117571,16.745927524080606
C3N-03190,0.0,0.0852305560399246,0.0573150817762158,0.3754717760852845,0.0,3.5703464504648785,0.387320749240247,0.0,0.0,0.2350562955706835,0.0,0.4996083400204798,1.448857755078258,2.112726429339802,0.2793508532622611,3.088408408239824,2.1465288491351613,0.3191542462616765,1.7514048004353344,0.0,0.0398102579006174,0.1835803397743036,0.116,0.1138883660256537,16.580171188624952
C3N-03211,3.8123486483719655,0.0,1.1815597071262076,1.8294232542404216,0.0,7.262631023167536,0.1638592437790638,0.0,0.0,0.8693148652657228,0.0,0.1797052160350978,0.0,0.0,0.6792251224810942,4.665894096747761,0.4547955529053556,0.0,0.487972289607714,0.7265358574139853,0.0,0.2636614117584274,0.014,0.3393304536446721,22.576926288900356
C3N-03426,0.1505012516945861,0.0,0.041158990238342,5.722575082579896,0.0,0.2191143625975037,4.273265040551035,0.7966884381561017,0.0,0.6122003715143886,0.0,0.0,0.0,5.614461578530485,1.8725624249923027,2.2969244727911557,0.3873475015173147,0.0,0.3743750338143251,0.0,1.5873076045352217,4.782045018763448,0.076,0.1474463716021697,28.730527172276105
C3N-03428,4.962317627969741,6.429692561775434,0.5324022225290149,4.23478744832391,0.0,7.271886774099118,2.298074857062909,0.0,0.0,5.49577632518583,0.0,0.0,0.0,2.8601999429028004,3.147439187670185,3.761783007707941,3.834828061143901,0.105736367790781,0.4782287302932892,0.0,0.3705643115671982,0.0,0.002,0.51833988301911,45.78371742602205
C3N-03430,0.0,0.0,0.1002291495799767,1.1276534090656225,0.0,0.3427302762361049,0.1259816309099418,0.0935700640255371,0.1486026975590753,0.2808379700196883,0.0,0.1209797822387476,0.9128303357830878,2.052858661431001,1.7919428382722382,6.793477994356925,0.0,1.3015210145671952,1.3564872175641385,0.0,0.2188983420554464,0.9914111849431688,0.01,0.4179946712062978,17.760012568607895
C3N-03439,1.94910811189427,0.0,0.0301941756593297,0.8323322093267537,0.0,4.730809910785452,0.3911089689985433,0.0,0.6723260555563686,1.620099891935922,0.0,0.0474250075725855,0.0,3.8821648276711462,1.324006808109787,6.694146434053974,1.5550273648708468,0.0,2.9649433818906505,0.0,0.0,1.0565346237950852,0.02,0.2385950547770772,27.75022777212072
C3N-03440,0.1907415580628783,0.0,0.1204101076611164,0.1381564665654873,0.0,3.610132785517998,0.0,0.0,0.0,0.5913700148741423,0.0,0.6000861589347188,1.8999481428769331,1.924821089580772,0.6957646738888016,6.305600998570091,2.511250515126547,0.2069918307662561,2.306549352043784,0.0,1.0755903652397092,0.4421555855789554,0.052,0.1813808612307626,22.61956964528819
C3N-03665,0.4393722908212883,0.0,0.0,1.0447984280608986,0.0,5.126679404161318,0.743355180922041,0.0,0.0,0.3072179768623031,0.0,0.4100033877924041,0.0,4.35386325181835,1.6504920660536953,4.283617769669829,2.372567570391459,0.0,2.083597919621107,0.0,0.0789942781550044,0.7299331479885115,0.112,0.1180351466243841,23.62449267231821
C3N-03666,1.277359923706921,0.0,0.4628713341020204,0.0272419457537955,0.0,3.5680301553231857,0.3163321394260719,0.0,0.0,0.16522131180068,0.0,0.0352505154554391,0.8478129531879692,1.5150287028698126,0.8534513877945726,3.482836310612262,1.1321588116928694,0.0,1.2197332446244264,0.0,0.0,0.1309251405504935,0.018,0.270481279648954,15.03425387690052
C3N-03670,4.616120668374878,0.0,0.1661851042467592,2.061283121451849,0.5955873206055081,8.225528830558012,1.4926039043590644,0.0,0.0,0.5205433269060327,0.0,0.2162543295552177,1.0463183879475992,0.8395385800994023,1.0612935277442204,7.455246050718953,1.2315006327983795,0.6556037571532017,3.99077753452115,0.0,0.0,0.6268190310934545,0.01,0.4048549011788667,34.80120410813368
C3N-03754,1.0229294736769563,0.0,0.0886378071568892,0.2225107868526464,0.0,1.7187202158581516,0.0,0.3298267417000186,0.1414558698171603,0.0,0.0,1.0488521680235623,0.2764867111361853,1.8296578809038129,0.2420939631712889,2.904769072377879,1.740674693556179,0.6842072577991516,1.710589985435635,0.0,0.0111128247112448,1.0339313390900668,0.044,0.1937331347722206,15.006456791266828
C3N-03780,1.8981609605664824,0.0,0.0923176273203062,0.8266253464878897,0.0,5.497283281245188,0.2896824613802815,0.0,0.4004638656253319,0.4004691926647012,0.0,0.0,1.0532064744431429,0.0,0.1697462146556656,5.410676476087124,3.464266018542093,0.4147327666127015,2.815834828517092,0.0,0.0,0.430277883295614,0.028,0.2171988629496178,23.16374339744361
C3N-03839,0.0,0.0865658438645267,0.1199487578619513,0.995989545614446,0.0,5.214921005286167,0.5201930518375621,0.0,0.0,0.8819409938927896,0.0,0.0,0.0,0.6947860280664794,1.1715583052101104,2.819740631216482,1.8345981648414056,1.1716780308659374,1.339561273871778,0.0,0.0423601303388147,0.2327554883769025,0.102,0.1271945835334016,17.126597251145352
C3N-03840,3.882279438822905,0.0,2.763395411335316,0.8768001186315432,0.0,4.417891232343651,0.3505668320856215,0.0,0.0,0.1387677257507979,0.0,0.0301401364040031,0.2659984551690247,0.9439019497320436,1.1072708062369174,2.6122290033826587,2.733175346753692,0.914218363813846,1.400432897860591,0.0,0.0,0.667983761728889,0.002,0.488376314834312,23.1050514800515
C3N-03853,1.2476555014549464,0.0,0.0,0.0,0.0,5.005390991744429,0.5717654068817819,0.0,0.0,0.4325846201967137,0.0,0.0,1.1494406445126026,2.169007299984652,0.6559296225157949,2.8894475600481324,0.5559506731482902,0.5743184473512186,0.8155308891819365,0.0,0.2283672045102251,0.1253486307605296,0.252,0.0528907470626716,16.420737492291252
C3N-03884,0.3466956078579258,0.0,0.0165954309943013,0.0818069754907964,0.0,1.0558355450937198,1.43267041162091,0.0,0.0,0.1390826372558905,0.535474019643934,0.0,0.1668988189692001,2.53544865037145,0.2337635548011675,6.0515335867533855,0.3527115512602229,4.636552345200618,1.5775842625934768,0.0,0.0,2.1788998785063467,0.016,0.3124289454438285,21.341553276413347
C3N-04119,0.1856716907748495,0.0,0.0273908810935232,0.0,0.0,3.3361113933390247,0.0,0.0,0.0,0.0,0.5010203924244911,0.0,0.3711142592221891,2.3240802935591507,0.0316982750502029,3.599193773372075,1.3351701200825392,0.8452101586676656,1.047535337538481,0.0,0.0,0.7834771909483415,0.018,0.2681332024708031,14.387673766072531
C3N-04126,0.0608026828137206,0.5203449040208403,0.2807706999129772,1.5087402269502002,0.0,4.068615386443534,1.3445716941817052,0.1190605622377742,0.0,1.3298556228179856,0.0,0.0,0.0,3.351451621179208,3.7827096578997175,3.998600179122774,0.4232374495137767,1.0859240261552694,2.224664055333652,0.0,0.0,0.5154413280975912,0.076,0.1467043463890305,24.61479009668073
C3N-04282,0.0,0.060849807063047,0.0516597218554086,0.0,0.0,0.787125691197716,0.1081709740719938,0.0,0.0596923537975957,0.2011607818550936,0.1080920199782809,0.0,0.1819297491632747,3.6675790931471535,0.0957689566550446,3.4361433091619924,1.128398077567546,0.0,0.5764665244840566,0.0,0.0,0.1158806552801019,0.014,0.3368706959786972,10.578917715278306
C3N-04283,0.0,0.0830284239496803,0.0,0.0,0.0,3.3121323410875614,0.0,0.0155180754764535,0.0,0.0,0.3078363701144248,0.0,0.2805346770236184,1.7159328233289013,0.6176691130251006,2.5438689827114995,2.213620288140876,0.6816175429562675,0.807568581374989,0.0,0.570986437921056,1.41770671157212,0.02,0.2529469307530113,14.568020368682548
C3N-04284,0.556187860533054,0.0,0.0837579161294013,0.1865960164261666,0.0,2.033883482779121,0.0,0.0864019805899358,0.0,0.0,0.0,0.3889193982819905,2.0618932854647274,0.1572888275682162,0.3225815829396358,3.771205269341944,0.536556367474113,0.2358757489257212,0.2789176040068806,0.0,1.015577666211628,0.1012824138857512,0.066,0.161271320822128,11.816925420558286
C3L-00017.N,1.2578128842064256,0.0,1.801133990680264,0.0,0.0,4.819770845585546,0.0,0.0,0.0,0.0,0.1027600798858716,0.0,0.8118952693625116,1.481501408070225,0.1807052074603849,2.30917600859651,0.0,0.2197723629594892,0.1281257051425415,0.3179003268785296,1.1560671333753318,2.450912127783303,0.02,0.2388972515365321,17.037533349986933
C3L-00102.N,0.2729599948265142,0.0496256151047488,0.2783332213868849,1.0217519043485015,0.0,7.18071964598848,0.0,0.0,0.0,0.0,0.0,0.8816631352760672,2.593582620115718,0.0,0.7175645133074444,4.623725922760583,1.2541131900217832,0.0,2.8334322168125943,0.0,0.4266103198084465,1.4273552015647053,0.022,0.229839795494875,23.56143750132247
C3L-00589.N,0.8980178056838313,0.0,2.243119829683059,0.5987900248934358,0.0,6.98130069658153,0.0,0.0,0.0,0.0,0.0,0.5257836695791331,0.0,0.0608891257216704,0.1711065546126239,2.06997301713763,0.0,0.1514542419388867,2.082169721004324,0.0,0.0,0.0,0.016,0.2850617557489083,15.782604686836123
C3L-00622.N,0.1507718459202519,0.0,0.2159339309720118,1.2020549114954189,0.0,3.5279146433727666,0.0,0.0,0.0,0.6807263007687631,0.0,0.293206917800836,1.15485495374032,3.02036529730932,0.983333764832505,4.988598806257933,1.3083200550733038,0.0,1.5728529126251891,0.0,0.0004,0.0259340939689466,0.042,0.1987955721930917,19.125228096336272
C3L-00640.N,4.053001886480851,0.8042075908764716,0.0,1.729960038288537,0.0,11.710811294186234,2.806282912152639,0.0,0.0,0.6209040990264265,0.0,0.0,4.089856484880828,0.0,4.200840749919311,3.9282039800339215,4.54087791166805,0.0612071329649384,5.365684081433511,0.0,0.2697954810222417,0.1385399910357945,0.006,0.4470389420808624,44.32017363396976
C3L-00819.N,0.4519028730439342,0.0,0.4640197274532859,1.1041299747194289,0.0,3.7046477919727976,0.1137258119282823,0.0,0.0,0.0,0.0,0.1393767244100652,5.860755492805087,0.749278768903731,0.7251466187765268,4.646718351257504,1.122883203671825,0.0,1.3006102763449157,0.0,0.0,0.4788173318463481,0.046,0.1911831442431118,20.86201294713373
C3L-01328.N,0.0,0.0,1.1087673360189376,2.354292746316343,0.0,5.398400603096178,0.3784208510856158,0.0,0.0,0.0,0.5705941390375578,0.0,1.844916449126874,3.314241334147358,0.6634458788304323,7.0936908463397,4.036679449518099,0.0,1.3440438532155845,0.5563177435053275,0.0,0.2767192349896665,0.12,0.1078667700389568,28.940530465227678
C3L-01453.N,12.071606364431563,5.069407249288957,1.6387021226984897,6.134593353010158,1.85004802775496,2.0286850168649755,1.705810420429248,0.0,0.0,0.2223358277570696,2.8435536822819683,0.0,6.501368135934672,0.5576593829846354,1.1528038110443009,6.52077071679726,0.0,0.0,0.4614976938050621,0.0,0.0,4.131421907103677,0.0,0.6250362407008873,52.890263712187
C3L-01637.N,1.617119869055843,0.0,0.173753748834878,0.529236508908734,0.0,5.173824068524025,0.0,0.0,0.0,0.1408756988939848,0.0,0.7714803225915802,2.705023275479374,0.0,0.6671674787540851,7.382313023965076,1.4769410655835635,0.0,2.0140103207147075,0.0,0.0,0.2504981067863735,0.018,0.2770080922513541,22.902243488092225
C3L-01689.N,0.0,0.4243656558702749,3.5935185360622626,0.7356761142203164,0.0,6.030370190001585,0.0,0.074598142515813,0.0,0.0,0.0,0.8719984478698871,0.0609025982992041,0.0,0.1694318746592934,3.704234379350468,0.2546697717121837,0.0,1.619640556837345,0.0,0.2495435173523625,0.0229100223603894,0.014,0.3410158283234083,17.811859807111386
C3L-01703.N,3.784016720438148,0.0,0.7924029578953777,3.1987825301103188,0.0,6.017166234042952,0.3360862694915555,0.0,0.0,0.4754991565910269,0.0,0.5191944613288302,0.7161671813747115,0.0,0.0991119177158834,5.858594679755611,1.111014809590102,0.0,7.575076712267566,0.0,0.0,0.2400678098495782,0.012,0.3683784867239222,30.72318144045166
C3L-02112.N,1.859500968394736,1.1372964966915695,3.291024972946612,2.873466034913513,0.0,5.446865822454213,0.0,1.1368930024241406,0.0,0.0,0.0177982546380504,0.0,0.0,0.0,0.4139522328368168,5.656969505204468,0.5595068807225327,0.0,1.4010077696261447,0.0,0.6317802932627155,0.0,0.012,0.3932430772203186,24.426062234115516
C3L-02463.N,0.0,0.0,1.889614932416401,1.2265568057109535,0.0,3.795816758199393,0.0,0.0,0.0,0.0261164717403991,0.0,0.8014789341098305,0.2593513087874183,0.0,0.0,3.19639859227633,0.4148657350558172,0.0801046577264589,2.8899157522765875,0.0,0.5052965062705426,1.2545916292245956,0.076,0.145835666715303,16.34010808379473
C3L-02606.N,0.3760275537109388,0.0,0.0332724797685517,0.2059684309097896,0.0,2.764353031433472,0.4836726526826533,0.0,0.0,0.0174603774858617,0.0,0.0,3.106982765009492,1.1259779472635745,0.2970173071472365,5.601310137223439,1.1111106409370617,0.8776040980844982,2.9806585159048664,0.0,0.0,0.51404607283252,0.016,0.3216816085235702,19.495462010393958
C3L-02610.N,0.6279906715728323,0.0,0.4616404734831279,1.6111442948078023,0.0,3.3311521273799656,0.0,0.0,0.0,0.0,0.0,0.1733503779195136,2.0021833755598357,0.0,0.2303386622506454,3.1810376735012498,0.8644948331599073,0.0,4.5905867175490975,0.0,0.0,0.580720692228082,0.03,0.2135898410804414,17.654639899412057
C3L-02613.N,0.0,0.0,2.158761697206688,2.430977267645969,0.0,3.9278045959963737,0.0,0.0,0.0,0.0,0.0,0.3954037043017136,0.0128075515985984,0.0,0.0523362072502322,4.4489275271154725,0.3398422416742199,0.2873579493676242,1.1534342090195262,0.0,0.4392784457898197,0.0,0.02,0.2532594903097853,15.646931396966238
C3L-02809.N,1.6551271991066114,0.0,0.213139091654545,1.696154306572556,0.0,6.38650779611477,0.0,0.0,0.0,0.9549341444024796,0.0,2.0232954634469453,0.4026789094639575,0.0,0.4170729202541496,5.282603059827735,0.1577248813378627,0.0,3.153787073705681,0.0,0.6887596915925979,0.197666311409396,0.02,0.2600648042787401,23.22945084888929
C3L-02899.N,0.2157333698826491,0.0,1.4091057279534709,0.9459545251356012,0.0,4.945402154580877,0.4108279938259914,0.0,0.0,1.7656876316085213,0.0,0.2256181635378278,1.4254139417885825,1.7132406578814596,1.4043471911811731,7.757296880401816,2.8747002390656573,0.0,1.6949369580582836,0.0,0.0,0.0239090142793614,0.03,0.2134903753958196,26.812174449181278
C3L-03123.N,0.698272942143289,0.0,0.155163378625218,0.7248232894941593,0.0,2.3857067378931838,0.0507350921584369,0.0811814848181787,0.0,0.0,0.0,0.0,1.6837719129661104,0.0,0.2933715270614848,2.576943434114822,0.0375884432937846,0.0,1.0006650336374283,0.0,0.0,0.0799433897749669,0.248,0.0544345446768688,9.768166665981065
C3L-03743.N,1.3764980928710944,0.0,2.480248054983998,1.76657967904089,0.0,4.579117901619621,0.0,0.0,0.0,0.0,0.0,0.2701977923257692,0.1911298686009428,0.0,0.2618863845337075,1.743362513085839,0.0,0.0747240778559312,0.92892598490085,0.0,0.7896890010816221,0.1340124159578303,0.012,0.3787513578823701,14.596371766858097
C3L-04027.N,6.411573569409604,13.239103141701346,0.7063801686282023,2.2976562877879294,8.370139141739912,5.916141744423332,3.906587380579975,0.0,0.5736017220054458,0.0,0.7794833411044806,0.0,0.0,4.011640617359618,0.9192243075239322,1.6187555798627709,0.0,0.8889502566055051,0.0,1.275253475217585,0.0,0.0,0.0,0.6699940935020625,50.91449073394964
C3L-04072.N,0.0,0.0,0.045070948063548,1.497167536140803,0.0,2.6795019950351726,0.3826626846925511,0.6582336411256057,0.0,0.6200780536966899,0.0,0.5585388631028406,3.6483581258216544,3.052655363684184,1.501695568378453,4.18949529345311,0.7393154653979451,0.0,1.5056588754704974,0.0,0.4062990100016397,1.01809263526598,0.016,0.2874844343527248,22.502824059330678
C3L-04080.N,0.0,0.0,3.353677069238791,0.4036546740870423,0.0,4.749090506931849,0.0,0.0,0.0,0.297397576810257,0.0,0.3808423631378475,0.0,0.0,0.084936927639064,3.466239460777401,0.5521577678711221,0.0,1.4264285554395235,0.0,1.0432835987868556,0.0,0.016,0.3079025338882006,15.757708500719753
C3L-04475.N,0.0,0.0,3.685201394558771,1.3576172462309102,0.0,5.18669079255982,0.0,0.0,0.0,0.0,0.0,0.2193553225308721,0.0097582927403736,0.0,0.4835620293208054,2.118716350152752,0.4232454405817786,0.0,1.0815687675926913,0.0,0.9892644061889032,0.0,0.012,0.3810979391747559,15.554980042457675
C3N-00198.N,4.185925886835155,0.0,0.4717047145749392,3.720512341444087,0.0,5.1552894143175765,0.0,0.0,0.0,0.0,0.3209386065863275,0.4280137390481691,3.3141909652648973,0.0,0.3537373173386309,4.410324673602288,0.0,0.0155497723344529,3.193654513224315,0.9289281666898632,0.8073882319384442,2.7343475032440177,0.016,0.2917807788091804,30.040505846443164
C3N-00436.N,0.6707292434318497,0.0,0.0,4.361141244118944,0.0,4.099128615833563,0.0,0.8587813170522184,0.0,1.6040273523036104,0.0,1.6429672637065769,2.3277026530047893,0.4018820523301034,1.2847588249222766,7.916117560112966,2.2892140299108736,0.0,0.0,1.7839072784401735,0.2823567517518904,0.1984584112651723,0.02,0.2372340772207669,29.721172598185007
C3N-00517.N,0.6194042811928506,0.0,0.095025950971848,1.4835860852678675,0.0,3.859045417455507,0.0,0.0820081592700458,0.0371937132809311,0.72689931260959,0.0,2.5534391039994,0.3561554432662861,1.331439486899526,1.6740673532838024,4.342513452226181,2.0363890457774407,0.0,3.927929339109746,0.0,0.3471417303671468,0.0,0.15,0.0843804905560599,23.47223787497817
C3N-00518.N,0.2038011955498034,0.0,1.4913408663687957,3.758959071121984,0.0,6.079357217150912,0.0,0.0,0.0,0.7375404587712439,0.0,0.7488659868798809,0.5321382449411963,0.0,0.5303024569337473,7.294787373484687,4.741223661415421,0.0,1.784830866010744,0.540691578077273,0.0163887989708636,0.0,0.012,0.3734846427706009,28.46022777567655
C3N-01011.N,0.2212857186238591,0.4459927188765527,0.2509788238204301,2.316819290034377,0.0,7.196351488847876,0.1788025892683419,0.0,0.0,0.0,0.0,0.4473893317889865,1.524496893851791,0.0,0.674356220292933,6.1808782740619845,0.2995180688250402,0.2084110106387366,1.729722232246795,0.1111253966842948,0.2008758830915804,1.0147719406366271,0.09,0.1358708456062418,23.00177588159021
C3N-01719.N,1.566039983416151,0.1178785546507301,2.483073936822968,2.896251303727287,0.0,4.5136483902637,2.452201755130932,0.2963944600746945,0.0,1.588127188154357,0.0,0.6282148025539788,0.4814810839034851,3.0395691807752523,2.747828285422889,6.529744316358145,3.313741081704848,0.0,1.8527023911462603,0.0,1.7610214406384448,2.1832006593693944,0.016,0.300907610113303,38.45111881411352
C3N-01998.N,7.129280421921715,0.0,2.19157624402639,5.617588400754275,0.0,4.620506464093129,1.1608464102540608,0.5336868381677912,0.0,2.3168868901084614,0.0,0.0,1.1165328853342489,0.0,1.42573585245737,8.289520757351893,1.8277307052775915,0.0,4.898821823504457,0.0,0.0860439937853571,0.1956391922033676,0.01,0.4273611644310254,41.41039687924011
C3N-02010.N,0.4192392636458042,0.0,0.2250584012740401,0.9256568640395147,0.0,3.476936523731545,0.012218450516698,0.0,0.0,0.0232482987574416,0.0,0.0598091430903111,3.187802894155589,0.0,0.5335711573482455,3.703739828760817,1.0845609679355632,0.0,1.2079625881592722,0.0,0.0,0.0,0.022,0.2333070187641537,14.859804381414843
C3N-02589.N,0.2620550502432601,0.0,0.1489240253799242,1.406665900792567,0.0,4.887375466783912,0.5716508145991988,0.0,0.0,1.608232438950307,0.0,0.0,1.599377495853781,1.0714151406340926,1.3969351717009288,5.031547212015195,1.634882623588321,0.0,0.6178895726758692,0.0,0.6650555843281605,0.2366229651113669,0.02,0.253183075172718,21.138629462656883
C3N-02768.N,0.4757783257500034,0.0189075581342526,2.5862868549204205,3.5842758795566354,0.0,5.495848230745242,0.0,0.0,0.0,2.4542576012829342,0.0,1.216819517550143,2.0527875457915155,1.0259298363239582,0.9848308754436668,4.87115258442008,2.1418208340793634,0.0,0.7222200084522626,0.0,0.0394243486802557,0.1287140972960882,0.018,0.2696420366056561,27.799054098426826
C3N-03069.N,0.6140165454390929,0.0,0.1371122289976987,0.9360326121969764,0.0,0.9591196676055764,0.0,0.4625427177137818,0.0,0.5844956485665938,0.0,0.2566564247963047,0.3368678271032587,0.0,1.1848642552251198,2.824221909677177,0.0,0.0296553761784128,0.9425163493800616,0.0,0.0,0.1611314517808659,0.278,0.0462620749798603,9.42923301466092
C3N-03173.N,1.4686507559475994,0.0,1.1851165336250404,1.0111228143817892,0.0,7.187239060691154,0.0,0.0,0.0,0.0,0.0,0.4114444818505824,0.2484360956067991,0.0,0.4886538483879726,3.789227716498171,0.1640278890140284,0.0,1.3050783099342034,0.0,0.1502943752579754,0.0,0.058,0.1659396543690519,17.409291881195315
C3N-03440.N,0.0089492399473881,0.032261098634338,0.3038056818368044,0.0,0.0,3.800073830217229,0.0,0.0,0.0,0.0,0.0,1.035097893408461,0.8462453067657831,0.801752630236858,0.0558020195656205,1.907315969201474,0.6509706483103617,0.0459830576631816,3.3090597489617006,0.0,0.5188602773629065,0.0,0.12,0.1088000372722702,13.316177402112109
C3N-03780.N,0.0,0.0,0.3599698477415602,0.4275569241145649,0.0,3.79174776283418,0.0,0.0,0.0,0.1441328383459728,0.0,0.4801475789800211,1.6012196203160718,1.577790424179497,0.8745366987254418,3.892993239825517,3.8103821000840488,0.0563776680991356,0.940328195606424,0.0,0.0,0.1651423684624359,0.068,0.152585773558061,18.12232526731487
C3N-04283.N,1.4178869671676333,0.0,0.1353151200480676,0.5042310759993173,0.0,3.2016493301823905,0.0043685489417654,0.0,0.0541325890649778,0.1536400604639519,0.0,0.9348620650562468,1.3769571482098737,0.0,0.4042677715453674,2.5624387736653085,2.214980387803079,0.0,1.1458253987814986,0.0,0.6815917285950733,0.3458366214211342,0.034,0.2069246803163302,15.137983586945683
