Patient_ID,Adipocytes,Astrocytes,B-cells,Basophils,CD4+ T-cells,CD4+ Tcm,CD4+ Tem,CD4+ memory T-cells,CD4+ naive T-cells,CD8+ T-cells,CD8+ Tcm,CD8+ Tem,CD8+ naive T-cells,CLP,CMP,Chondrocytes,Class-switched memory B-cells,DC,Endothelial cells,Eosinophils,Epithelial cells,Erythrocytes,Fibroblasts,GMP,HSC,Hepatocytes,Keratinocytes,MEP,MPP,MSC,Macrophages,Macrophages M1,Macrophages M2,Mast cells,Megakaryocytes,Melanocytes,Memory B-cells,Mesangial cells,Monocytes,Myocytes,NK cells,NKT,Neurons,Neutrophils,Osteoblast,Pericytes,Plasma cells,Platelets,Preadipocytes,Sebocytes,Skeletal muscle,Smooth muscle,Tgd cells,Th1 cells,Th2 cells,Tregs,aDC,cDC,iDC,ly Endothelial cells,mv Endothelial cells,naive B-cells,pDC,pro B-cells,ImmuneScore,StromaScore,MicroenvironmentScore
C3L-00017,0.0044,0.0,0.0493,0.0077,0.0063,0.002,0.0887,0.0148,0.0,0.0142,0.0133,0.0187,0.0,0.0142,0.0,0.066,0.0164,0.008,0.0,0.0002,0.6384,0.0,0.0029,0.0038,0.0682,0.0021,0.0911,0.0293,0.0,0.0675,0.015,0.0048,0.011,0.0008,0.0011,0.0073,0.0199,0.0081,0.0017,0.0004,0.0,0.0119,0.0049,0.0,0.0,0.0233,0.0217,0.0002,0.0,0.0521,0.0,0.2329,0.0083,0.0139,0.0373,0.0013,0.0766,0.0843,0.085,0.0,0.0,0.0,0.0035,0.0064,0.0637,0.0036,0.0673
C3L-00102,0.0,0.0,0.0116,0.0,0.0,0.0,0.0637,0.0203,0.0,0.0169,0.0196,0.0,0.0007,0.0093,0.0,0.0477,0.0137,0.0026,0.0,0.0004,0.6211,0.0,0.0385,0.022,0.1695,0.0012,0.0738,0.0123,0.0,0.3663,0.0028,0.0,0.0038,0.0,0.0007,0.0102,0.004,0.0101,0.0042,0.0,0.0,0.0204,0.0092,0.0035,0.0,0.0536,0.0102,0.0,0.0,0.0187,0.0,0.285,0.0,0.0,0.041,0.0069,0.0629,0.0686,0.0303,0.0037,0.0,0.0034,0.0,0.0,0.028,0.0192,0.0472
C3L-00189,0.0139,0.086,0.0204,0.0,0.0,0.0,0.0163,0.0103,0.0052,0.0148,0.0113,0.0,0.0006,0.0,0.0,0.0819,0.0338,0.0768,0.0019,0.0,0.5367,0.0,0.2091,0.0467,0.1733,0.0,0.1332,0.0284,0.0,0.406,0.0126,0.0,0.0078,0.0017,0.0019,0.0098,0.0,0.0,0.0208,0.0,0.0,0.068,0.0085,0.0,0.0,0.1746,0.0116,0.0,0.0,0.0503,0.0,0.2865,0.0,0.0,0.0502,0.0339,0.1469,0.3625,0.5132,0.0007,0.0,0.0,0.0,0.0,0.0981,0.1124,0.2105
C3L-00277,0.0025,0.0,0.0,0.0119,0.0,0.0001,0.0313,0.0028,0.0,0.0002,0.0,0.0,0.0021,0.0209,0.0,0.0249,0.003,0.0,0.0,0.0,0.5941,0.0,0.0455,0.007,0.0355,0.0,0.0764,0.0134,0.0,0.165,0.0,0.0,0.0014,0.0011,0.0023,0.0016,0.0,0.005,0.0,0.0,0.0,0.0016,0.0021,0.0,0.0,0.0377,0.0043,0.0043,0.0,0.03,0.0,0.3054,0.0105,0.0072,0.0232,0.0,0.0,0.0023,0.1236,0.0,0.0,0.0,0.0037,0.0,0.0009,0.024,0.0249
C3L-00401,0.0002,0.0,0.0472,0.0,0.0127,0.0,0.0985,0.0403,0.0081,0.0224,0.0493,0.0084,0.0053,0.0009,0.0,0.0,0.0175,0.0159,0.0,0.0007,0.5007,0.0,0.0,0.0618,0.1336,0.0,0.1069,0.0004,0.0,0.563,0.0466,0.0005,0.0468,0.0053,0.0005,0.0069,0.0102,0.0,0.0255,0.0,0.0,0.0106,0.0053,0.0064,0.0,0.0,0.0232,0.0,0.0,0.0342,0.0,0.2033,0.0,0.0,0.0942,0.0139,0.1106,0.1138,0.1212,0.0,0.0,0.0,0.0185,0.0,0.1218,0.0001,0.1219
C3L-00589,0.0021,0.0,0.0,0.0164,0.0,0.0,0.0196,0.0,0.0,0.0,0.0,0.0,0.0,0.0132,0.0,0.0,0.0,0.0031,0.0,0.0,0.6567,0.0,0.0,0.0307,0.1744,0.0,0.1237,0.0183,0.0,0.6349,0.0214,0.0,0.019,0.0,0.002,0.0031,0.0,0.0,0.0132,0.0,0.0,0.0107,0.0033,0.0,0.0,0.0,0.0007,0.0,0.0,0.0481,0.0,0.1433,0.0,0.0038,0.0151,0.0,0.0421,0.01,0.111,0.0,0.0,0.0,0.0,0.0,0.0251,0.001,0.0262
C3L-00598,0.0015,0.0573,0.0234,0.0,0.0001,0.0068,0.0176,0.0063,0.0094,0.0055,0.0014,0.0,0.0072,0.0124,0.0,0.0063,0.0218,0.0231,0.0,0.0,0.6704,0.0001,0.0,0.0088,0.0523,0.0,0.1746,0.0041,0.0,0.3546,0.0122,0.0,0.0015,0.0015,0.001,0.002,0.0,0.0,0.0059,0.0028,0.0,0.0113,0.0003,0.0,0.0,0.0634,0.0064,0.0,0.0,0.0564,0.0,0.2752,0.0106,0.0019,0.0689,0.0181,0.0528,0.0192,0.3285,0.0,0.0,0.0024,0.0006,0.0031,0.0478,0.0008,0.0486
C3L-00599,0.0,0.0,0.0,0.0,0.0,0.0091,0.0202,0.0061,0.0018,0.0216,0.0107,0.0,0.0067,0.0094,0.0,0.0145,0.0021,0.0099,0.0,0.0,0.6064,0.0,0.0575,0.0507,0.2102,0.0,0.0775,0.0212,0.0,0.568,0.0,0.0,0.0,0.0031,0.002,0.0079,0.0031,0.0,0.0,0.0,0.0,0.0257,0.0045,0.0,0.0,0.0807,0.0073,0.0,0.0,0.0578,0.0,0.1181,0.0064,0.0,0.0138,0.036,0.0669,0.078,0.1162,0.0,0.0,0.0,0.0,0.0,0.0231,0.0288,0.0518
C3L-00622,0.0,0.0,0.0,0.0,0.0,0.0,0.0221,0.0,0.0,0.0,0.0,0.0,0.0024,0.0055,0.0,0.0,0.0023,0.0001,0.0,0.0027,0.5888,0.0,0.0,0.0205,0.1257,0.0,0.1104,0.0,0.0,0.7772,0.0222,0.0012,0.0246,0.0,0.0007,0.0044,0.0,0.0,0.0042,0.0,0.0,0.0054,0.0055,0.0006,0.0,0.038,0.007,0.0,0.0,0.0434,0.0,0.1406,0.0009,0.0069,0.0128,0.0048,0.0,0.0378,0.3154,0.0,0.0,0.0,0.0,0.0,0.0199,0.0,0.0199
C3L-00625,0.0044,0.0099,0.0,0.0,0.0,0.0078,0.0178,0.0,0.001,0.0056,0.0,0.0,0.0008,0.0092,0.0,0.0799,0.0,0.0133,0.0015,0.0,0.6358,0.0,0.1599,0.027,0.0859,0.0,0.0723,0.0386,0.0,0.3206,0.011,0.0,0.0045,0.0071,0.001,0.0022,0.0,0.0255,0.0011,0.0,0.0,0.0066,0.0037,0.0,0.0,0.2068,0.0,0.0,0.0,0.025,0.0,0.2034,0.0,0.0235,0.0186,0.0,0.0112,0.0015,0.2839,0.0,0.0,0.0,0.0,0.0,0.0254,0.0829,0.1083
C3L-00640,0.0046,0.0132,0.1488,0.0629,0.0,0.0345,0.0435,0.0154,0.0,0.004,0.0029,0.0,0.0012,0.0,0.0,0.0407,0.0693,0.1173,0.0,0.0,0.6214,0.0,0.0138,0.0156,0.0512,0.0,0.0817,0.005,0.0,0.448,0.041,0.0014,0.0276,0.0059,0.0,0.0091,0.0441,0.0047,0.0607,0.0,0.0,0.0835,0.0003,0.0116,0.0,0.1046,0.0087,0.0,0.0,0.0524,0.0,0.0637,0.0099,0.0,0.0123,0.0374,0.224,0.4202,0.8617,0.0,0.0,0.0089,0.0117,0.0095,0.2595,0.0092,0.2687
C3L-00819,0.0044,0.0,0.0,0.0,0.0,0.0007,0.0117,0.0,0.0,0.0,0.0,0.0,0.0001,0.0128,0.0,0.0,0.0,0.0,0.0,0.0,0.7063,0.0,0.0,0.0081,0.0973,0.0,0.1305,0.0284,0.0,0.721,0.0017,0.0,0.0019,0.0,0.0008,0.0043,0.0,0.0,0.0,0.0,0.0,0.0132,0.0019,0.0,0.0,0.0437,0.0087,0.0,0.0,0.0507,0.0,0.1855,0.0,0.0186,0.0556,0.0,0.0134,0.0014,0.0594,0.0,0.0,0.0,0.0,0.0,0.0011,0.0022,0.0033
C3L-00881,0.0067,0.0,0.1686,0.0,0.0106,0.0,0.0846,0.0629,0.0237,0.1614,0.1217,0.049,0.0095,0.0018,0.0,0.0217,0.0579,0.0461,0.0,0.0,0.4691,0.0,0.0425,0.0559,0.2015,0.0,0.0591,0.0102,0.0,0.5743,0.0268,0.0,0.0234,0.0025,0.0017,0.0074,0.0755,0.0,0.0,0.0,0.0,0.0139,0.007,0.0,0.0,0.0,0.0498,0.0,0.0,0.015,0.0,0.1801,0.0085,0.0,0.0912,0.0119,0.212,0.2763,0.2117,0.0,0.0,0.0,0.0006,0.0033,0.2773,0.0246,0.3019
C3L-00928,0.0101,0.0522,0.0739,0.0129,0.0073,0.0272,0.0518,0.0191,0.0,0.0036,0.0175,0.0,0.0001,0.0081,0.0,0.0458,0.0382,0.0342,0.0,0.0018,0.6102,0.0,0.0865,0.0122,0.0666,0.0012,0.1222,0.0253,0.0,0.272,0.0369,0.0012,0.0228,0.0034,0.0,0.0069,0.0168,0.0268,0.0287,0.0,0.0,0.02,0.0048,0.0006,0.0,0.1815,0.0146,0.0,0.0,0.061,0.0,0.2218,0.0028,0.0083,0.0132,0.0048,0.0879,0.0901,0.4938,0.0,0.0,0.002,0.0132,0.0,0.1269,0.0483,0.1752
C3L-01031,0.0,0.0,0.0123,0.0138,0.0003,0.0009,0.0678,0.0102,0.0,0.0234,0.0137,0.0033,0.003,0.0232,0.0,0.0,0.0158,0.0654,0.0,0.0,0.6243,0.0,0.0,0.0031,0.0506,0.0,0.1177,0.0442,0.0,0.325,0.0361,0.0,0.0242,0.0,0.0,0.0009,0.0,0.0,0.0065,0.0,0.0,0.0509,0.0013,0.0,0.0,0.0613,0.0166,0.0,0.0,0.043,0.0,0.184,0.0027,0.0217,0.0509,0.0,0.0814,0.1799,0.529,0.0,0.0,0.0,0.0035,0.0,0.096,0.0,0.096
C3L-01036,0.0,0.0,0.0057,0.0114,0.0,0.0435,0.0132,0.0,0.0091,0.0135,0.0,0.0,0.0,0.0,0.0,0.0,0.0087,0.0,0.0,0.0057,0.6547,0.0,0.0,0.0,0.0811,0.0009,0.0661,0.0,0.0,0.4644,0.0,0.0,0.0003,0.0,0.0005,0.0008,0.0,0.0194,0.0,0.0,0.0,0.0809,0.0012,0.0,0.0,0.0705,0.0,0.0,0.0,0.0268,0.0,0.0,0.0,0.0045,0.0,0.0,0.0,0.0,0.0,0.0,0.0002,0.0009,0.0,0.0,0.0166,0.0,0.0166
C3L-01037,0.0018,0.0,0.0,0.0113,0.0,0.0003,0.0009,0.0142,0.0,0.0,0.0093,0.0,0.0011,0.0294,0.0,0.0107,0.0064,0.0437,0.011,0.0,0.6291,0.0,0.0,0.0567,0.132,0.0,0.2128,0.0387,0.0,0.5058,0.0044,0.0,0.0,0.0024,0.0008,0.0017,0.0,0.0,0.015,0.0,0.0,0.0399,0.0061,0.0,0.0,0.0,0.0028,0.0,0.0,0.0456,0.0,0.2703,0.0,0.0,0.0522,0.0276,0.0951,0.2282,0.3955,0.0005,0.0,0.0,0.0,0.0,0.0437,0.0064,0.0501
C3L-01051,0.0,0.0,0.0,0.0,0.0,0.0062,0.029,0.0,0.0,0.0,0.0,0.0,0.0,0.0046,0.0,0.0,0.0,0.0,0.0,0.0,0.5778,0.0,0.0,0.0206,0.186,0.0,0.0483,0.0037,0.0,0.7827,0.0007,0.0,0.0099,0.0,0.0034,0.0025,0.0,0.0,0.0,0.0,0.0,0.0322,0.0039,0.0,0.0,0.1388,0.0047,0.0,0.0,0.0276,0.0,0.0647,0.0,0.0108,0.0,0.0,0.0176,0.0016,0.0,0.0001,0.0,0.0,0.0,0.0,0.0005,0.0,0.0005
C3L-01052,0.0152,0.0,0.0,0.017,0.0,0.0,0.048,0.0,0.0,0.0186,0.0027,0.0,0.0072,0.0,0.0,0.0208,0.0062,0.0087,0.0077,0.0073,0.4737,0.0,0.033,0.0469,0.2423,0.0052,0.0615,0.0287,0.0,0.6802,0.0268,0.0001,0.0402,0.0,0.0015,0.0123,0.0,0.0,0.0,0.0,0.0,0.029,0.0181,0.0017,0.0,0.0277,0.0072,0.0,0.0,0.0326,0.0,0.0924,0.0,0.0097,0.0138,0.0,0.0709,0.0583,0.2044,0.0013,0.0102,0.0,0.0,0.0,0.0421,0.028,0.07
C3L-01053,0.0127,0.0,0.0,0.0556,0.0,0.0,0.0485,0.0,0.0,0.0226,0.0103,0.0,0.0,0.0,0.0,0.0111,0.0,0.0196,0.0,0.0028,0.5036,0.0,0.0926,0.0364,0.1778,0.005,0.0511,0.0187,0.0,0.7471,0.0282,0.0039,0.0279,0.0,0.0016,0.0063,0.0,0.0,0.0082,0.0,0.0,0.0278,0.0084,0.0004,0.0,0.0989,0.0151,0.0,0.0,0.0329,0.0,0.0548,0.0,0.0054,0.0131,0.0076,0.1123,0.072,0.2454,0.0009,0.0048,0.0,0.0,0.0,0.0545,0.0526,0.1072
C3L-01054,0.0096,0.0,0.0,0.0299,0.0,0.0,0.0669,0.0018,0.0,0.0038,0.0023,0.0,0.0,0.0053,0.0,0.0,0.0,0.0067,0.0,0.0041,0.583,0.0,0.0274,0.0162,0.1766,0.0006,0.0688,0.0288,0.0,0.719,0.0304,0.0013,0.0471,0.0,0.0004,0.0059,0.0,0.0,0.0,0.0,0.0,0.0184,0.0094,0.0,0.0,0.1087,0.0062,0.0,0.0,0.0403,0.0,0.0968,0.0,0.0197,0.0008,0.0,0.0026,0.0403,0.2605,0.0,0.0,0.0,0.0,0.0,0.03,0.0185,0.0485
C3L-01124,0.0046,0.0,0.0292,0.0,0.0008,0.0,0.0217,0.0143,0.0005,0.0301,0.0156,0.0077,0.0,0.0121,0.0,0.0444,0.0054,0.0373,0.0,0.0,0.5747,0.0,0.0514,0.0508,0.1159,0.0,0.0907,0.0146,0.0,0.2387,0.0055,0.0,0.0028,0.0176,0.0027,0.0077,0.0012,0.0,0.0069,0.0,0.0,0.0129,0.006,0.0076,0.0,0.0882,0.0326,0.0,0.0,0.0463,0.0,0.2927,0.01,0.0,0.0606,0.0179,0.1697,0.1028,0.254,0.0,0.0,0.0,0.0001,0.0,0.09,0.028,0.118
C3L-01328,0.0066,0.013,0.0,0.0713,0.0,0.0,0.0014,0.0019,0.0,0.0,0.0,0.0,0.0018,0.0345,0.0,0.0188,0.011,0.0603,0.0283,0.0,0.5835,0.0,0.0,0.0338,0.0614,0.0,0.1451,0.0427,0.0,0.45,0.0215,0.0,0.0212,0.0,0.0034,0.0063,0.0,0.054,0.0638,0.0,0.0,0.036,0.001,0.0,0.0,0.0,0.0032,0.0,0.0,0.0605,0.0,0.3067,0.0,0.0495,0.1491,0.0219,0.1325,0.1511,0.6076,0.0053,0.0329,0.0,0.0009,0.0042,0.0971,0.0174,0.1145
C3L-01453,0.0087,0.0343,0.1549,0.0092,0.0,0.0192,0.0076,0.0133,0.021,0.0255,0.0177,0.0017,0.0086,0.0121,0.0,0.1091,0.0636,0.0097,0.0,0.0,0.5557,0.0,0.1521,0.0141,0.1364,0.0,0.2538,0.0053,0.0,0.3112,0.0185,0.0022,0.014,0.0,0.0004,0.0058,0.0457,0.007,0.0146,0.0,0.0,0.0129,0.0047,0.0,0.0,0.1044,0.0324,0.0,0.0,0.0929,0.0,0.2629,0.003,0.0,0.0217,0.0148,0.104,0.038,0.0871,0.0,0.0012,0.015,0.0142,0.0039,0.1488,0.0804,0.2292
C3L-01598,0.0,0.0,0.0339,0.0,0.0,0.0,0.0458,0.0159,0.0,0.0,0.0044,0.0,0.0,0.0117,0.0,0.0677,0.0262,0.0371,0.0026,0.0,0.5592,0.0,0.1091,0.0384,0.0758,0.0,0.0796,0.0251,0.0,0.2196,0.0744,0.0192,0.0341,0.0,0.0011,0.0134,0.0,0.0087,0.0421,0.0002,0.0,0.0103,0.0074,0.0021,0.0,0.2039,0.041,0.0,0.0,0.0303,0.0,0.308,0.0072,0.005,0.0685,0.0099,0.0983,0.0291,0.3933,0.0,0.0,0.0,0.0053,0.0,0.1264,0.0558,0.1822
C3L-01637,0.0,0.0,0.0353,0.0299,0.0,0.0,0.0553,0.0084,0.0,0.0,0.0,0.0,0.0086,0.0164,0.0,0.0,0.0061,0.0165,0.0,0.0,0.6294,0.0,0.0,0.0338,0.0786,0.0,0.0837,0.0293,0.0,0.6211,0.0768,0.001,0.0628,0.0,0.0,0.0016,0.0187,0.0,0.0419,0.0,0.0,0.0093,0.0043,0.0,0.0,0.0,0.0197,0.0,0.0,0.0517,0.0,0.0728,0.0007,0.0079,0.0505,0.0,0.0546,0.0447,0.2842,0.0,0.0,0.0,0.0048,0.0027,0.1137,0.0,0.1137
C3L-01662,0.0,0.0,0.0,0.0061,0.0,0.0,0.0339,0.0058,0.0,0.0,0.0,0.0,0.0012,0.0155,0.0,0.0,0.0,0.0,0.0,0.0,0.6181,0.0,0.0,0.0378,0.0761,0.0,0.0923,0.0243,0.0,0.5461,0.0148,0.0001,0.0104,0.0002,0.002,0.0,0.0,0.0,0.0,0.0,0.0,0.0127,0.002,0.0,0.0,0.0168,0.014,0.0,0.0,0.0517,0.0,0.1368,0.0022,0.0095,0.0606,0.0,0.0334,0.0155,0.0411,0.0,0.0,0.0,0.0009,0.0,0.01,0.0,0.01
C3L-01687,0.0064,0.0,0.0,0.0,0.0046,0.0,0.0505,0.0181,0.0,0.0088,0.0143,0.0,0.0024,0.0093,0.0,0.0115,0.0,0.009,0.0,0.0,0.6012,0.0,0.0,0.0414,0.1955,0.0,0.1133,0.024,0.0,0.4984,0.0097,0.0,0.0118,0.0,0.0034,0.0081,0.0,0.0,0.0,0.0,0.0,0.0046,0.0124,0.0,0.0,0.0,0.0116,0.0,0.0,0.0465,0.0,0.2153,0.0,0.0,0.0386,0.012,0.0954,0.1209,0.1967,0.0001,0.0,0.0,0.0,0.0,0.0214,0.0032,0.0246
C3L-01689,0.0077,0.1303,0.0,0.0009,0.0,0.0,0.0,0.0007,0.0,0.0,0.0,0.0,0.0,0.015,0.0,0.0173,0.0017,0.0,0.0,0.0,0.5827,0.0,0.0328,0.0,0.0861,0.0,0.1159,0.0235,0.0,0.3388,0.0157,0.0,0.0079,0.0,0.0015,0.0045,0.0,0.0223,0.007,0.0,0.0,0.0054,0.0021,0.0032,0.0,0.0672,0.0007,0.0,0.0,0.052,0.0,0.2843,0.0,0.0049,0.0766,0.0,0.005,0.0028,0.0698,0.0,0.0,0.0,0.0,0.0,0.0173,0.0202,0.0375
C3L-01703,0.0068,0.0,0.0,0.0,0.0,0.0,0.0571,0.0121,0.0,0.0457,0.0481,0.0002,0.0019,0.0063,0.0,0.1005,0.0124,0.0396,0.0,0.0,0.5115,0.0,0.2159,0.0444,0.1963,0.0,0.0718,0.0511,0.0,0.2196,0.0307,0.0015,0.0259,0.0,0.0066,0.0156,0.0,0.0109,0.001,0.0,0.0,0.0383,0.0133,0.0,0.0,0.1797,0.0034,0.0,0.0,0.0384,0.0,0.3459,0.0001,0.0,0.0445,0.0042,0.0934,0.3278,0.4024,0.0,0.0,0.0,0.0,0.0,0.078,0.1114,0.1894
C3L-01971,0.0094,0.0,0.0,0.0,0.0021,0.0,0.0889,0.0267,0.0,0.0256,0.0515,0.0,0.0037,0.0097,0.0,0.0335,0.0095,0.0,0.0,0.0,0.5162,0.0,0.0105,0.0392,0.2143,0.0,0.0495,0.0179,0.0,0.5746,0.0166,0.0038,0.0151,0.0,0.0039,0.0088,0.0,0.0,0.0,0.0,0.0,0.0255,0.0109,0.0,0.0,0.0,0.0121,0.0,0.0,0.0216,0.0,0.2067,0.0,0.0,0.0753,0.0,0.0384,0.072,0.1381,0.0,0.0015,0.0,0.0,0.0,0.0295,0.01,0.0395
C3L-02109,0.0054,0.0087,0.0,0.0,0.0,0.0157,0.0187,0.0,0.0008,0.0,0.0,0.0,0.0,0.0045,0.0,0.0771,0.0,0.0071,0.0,0.0,0.6415,0.0,0.1437,0.0138,0.1119,0.0,0.1054,0.0002,0.0,0.4387,0.0057,0.0,0.0,0.0007,0.0015,0.0027,0.0,0.0,0.0,0.0,0.0,0.0227,0.006,0.0,0.0,0.2624,0.0049,0.0,0.0,0.0486,0.0,0.1726,0.0,0.0185,0.0,0.0008,0.0163,0.0068,0.2699,0.0,0.0,0.0,0.0,0.0,0.009,0.0745,0.0835
C3L-02112,0.0117,0.0,0.0782,0.0361,0.0,0.0,0.0534,0.0098,0.0016,0.0424,0.0438,0.0124,0.0031,0.0,0.0,0.0,0.0076,0.0632,0.0,0.0042,0.5443,0.0,0.0044,0.0763,0.2166,0.0067,0.0743,0.0338,0.0,0.6508,0.0298,0.0,0.0221,0.0,0.0041,0.0079,0.0711,0.0,0.0096,0.0,0.0,0.0285,0.0082,0.0,0.0,0.0828,0.0156,0.0,0.0,0.0374,0.0,0.0942,0.0,0.0,0.0268,0.0,0.1117,0.3886,0.6564,0.0015,0.0017,0.0035,0.0,0.0,0.1516,0.008,0.1597
C3L-02115,0.0149,0.0,0.0,0.0105,0.0,0.0,0.0,0.0,0.0,0.0,0.0,0.0,0.0,0.0085,0.0,0.0058,0.0,0.0,0.0,0.0,0.4776,0.0,0.1239,0.0454,0.1938,0.0141,0.0539,0.0387,0.0,0.5076,0.0,0.0,0.003,0.0033,0.0019,0.0012,0.0,0.0,0.0,0.0,0.0,0.0,0.0077,0.0,0.0,0.0155,0.0145,0.0,0.0,0.0287,0.0,0.2174,0.0,0.0174,0.0,0.0,0.0,0.0045,0.1116,0.0,0.0,0.0,0.0,0.0,0.0022,0.0694,0.0716
C3L-02116,0.0138,0.0,0.6074,0.0376,0.0414,0.0814,0.0477,0.0718,0.1102,0.0968,0.1258,0.0263,0.0,0.0,0.0,0.0577,0.0945,0.0136,0.0257,0.0,0.5352,0.0,0.1531,0.023,0.1654,0.0001,0.0536,0.0107,0.0,0.2562,0.0245,0.013,0.0202,0.0081,0.0031,0.0053,0.2398,0.0016,0.0,0.0,0.0,0.0405,0.0017,0.0,0.0,0.0778,0.0327,0.0,0.0,0.0348,0.0,0.0257,0.0,0.0,0.059,0.0036,0.12,0.0536,0.0942,0.0128,0.0419,0.0904,0.0036,0.0962,0.5279,0.0963,0.6242
C3L-02118,0.0,0.0,0.0,0.0002,0.0,0.0028,0.0326,0.0023,0.0,0.004,0.0,0.0,0.0008,0.0,0.0,0.0,0.0,0.0,0.0,0.0,0.6884,0.0,0.0,0.0335,0.1716,0.0,0.1848,0.0235,0.0,0.8035,0.0,0.0,0.0,0.0,0.0007,0.0038,0.0,0.0,0.0,0.0,0.0,0.0244,0.0029,0.0,0.0,0.0528,0.0255,0.0,0.0,0.0461,0.0,0.0264,0.0,0.0213,0.0183,0.0,0.0958,0.0476,0.0008,0.0,0.0,0.0,0.0,0.0,0.0027,0.0,0.0027
C3L-02463,0.0009,0.0,0.0,0.0639,0.0,0.0078,0.059,0.0048,0.0,0.0,0.0,0.0,0.0009,0.0051,0.0,0.0163,0.0,0.0621,0.0,0.0,0.7508,0.0,0.0,0.0381,0.0506,0.0,0.1721,0.0408,0.0,0.3857,0.0077,0.0,0.0,0.0,0.0034,0.0014,0.0,0.0182,0.0294,0.0,0.0,0.0319,0.0033,0.0,0.0,0.0862,0.0008,0.0,0.0,0.0917,0.0,0.0178,0.0007,0.0345,0.0251,0.0,0.0493,0.1989,0.8926,0.0,0.0,0.0,0.0,0.0,0.0661,0.0004,0.0666
C3L-02604,0.0,0.0,0.001,0.0,0.0,0.0,0.0,0.0036,0.0,0.0,0.0,0.0,0.0,0.0233,0.0,0.0,0.0009,0.0249,0.0,0.0,0.6511,0.0001,0.0,0.019,0.0005,0.0,0.0968,0.0448,0.0,0.2778,0.0489,0.0069,0.017,0.0008,0.0,0.0,0.0,0.0017,0.011,0.0,0.0,0.0662,0.0006,0.0,0.0,0.0596,0.0041,0.0,0.0,0.0403,0.0,0.1518,0.0051,0.0138,0.1488,0.0,0.0375,0.0226,0.3649,0.0,0.0,0.0,0.0018,0.0182,0.0577,0.0,0.0577
C3L-02606,0.0006,0.076,0.0,0.0627,0.0,0.0143,0.0,0.0,0.0,0.0,0.0,0.0,0.0,0.0,0.0,0.0229,0.0,0.0084,0.0054,0.0196,0.6751,0.0,0.0862,0.0942,0.0525,0.0,0.3068,0.0162,0.0,0.5161,0.0134,0.0,0.0132,0.0127,0.0008,0.0048,0.0,0.0023,0.0112,0.0056,0.0,0.001,0.0005,0.0042,0.0,0.1366,0.0029,0.0,0.0,0.1232,0.0,0.1329,0.0,0.0208,0.022,0.0,0.0568,0.0,0.1311,0.0022,0.0031,0.0,0.0,0.0,0.0463,0.0461,0.0924
C3L-02610,0.0092,0.0,0.0123,0.0,0.0,0.0023,0.0578,0.0113,0.0022,0.0032,0.015,0.0,0.0051,0.0027,0.0,0.0041,0.0391,0.0144,0.0,0.0,0.6541,0.0,0.0693,0.0303,0.1368,0.0,0.1101,0.0463,0.0,0.6692,0.0054,0.0,0.0016,0.0,0.003,0.0078,0.0,0.0,0.0,0.0,0.0,0.0189,0.0025,0.0,0.0,0.095,0.0093,0.0,0.0,0.0452,0.0,0.1259,0.0023,0.032,0.0234,0.004,0.13,0.0907,0.1038,0.0,0.0,0.0,0.0,0.0,0.0235,0.0392,0.0628
C3L-02613,0.0,0.0,0.0058,0.0815,0.0,0.0,0.0,0.0,0.0,0.0,0.0,0.0102,0.0,0.0142,0.0,0.0,0.0151,0.0347,0.0,0.0,0.6686,0.0,0.0,0.0,0.0,0.0,0.2033,0.0542,0.0,0.3158,0.0489,0.0182,0.0045,0.0,0.0,0.0,0.0,0.0,0.0113,0.0,0.0,0.0424,0.0,0.0,0.0,0.0351,0.0135,0.0,0.0,0.0905,0.0,0.0737,0.0519,0.1321,0.1098,0.0,0.1226,0.0442,0.3853,0.0,0.0,0.0,0.0317,0.0248,0.0671,0.0,0.0671
C3L-02701,0.0,0.0029,0.0,0.0037,0.0,0.0,0.0,0.0,0.0,0.0,0.0,0.0,0.0,0.0158,0.0,0.0721,0.0,0.0,0.0128,0.0,0.5791,0.0,0.1022,0.0257,0.1035,0.0,0.1046,0.0175,0.0,0.3975,0.0249,0.0,0.0319,0.0,0.0001,0.013,0.0,0.0082,0.0216,0.0145,0.0,0.0003,0.0073,0.0679,0.0,0.1262,0.0069,0.0,0.0,0.054,0.0,0.3059,0.0,0.0,0.0999,0.0,0.0,0.0264,0.0782,0.0009,0.0,0.0,0.0024,0.0,0.0763,0.0575,0.1338
C3L-02809,0.0143,0.0212,0.0,0.0,0.0,0.0,0.0,0.0032,0.0,0.0013,0.0,0.0,0.0003,0.0141,0.0,0.0929,0.0,0.0,0.0,0.0,0.5949,0.0,0.0526,0.0313,0.1446,0.0,0.1187,0.0105,0.0,0.2084,0.006,0.0,0.011,0.0003,0.0027,0.006,0.0,0.0218,0.0,0.0,0.0,0.0114,0.0066,0.0,0.0,0.1426,0.0,0.0,0.0,0.0186,0.0,0.3251,0.0,0.0,0.0311,0.0003,0.0057,0.0076,0.016,0.0,0.0,0.0,0.0,0.0,0.0051,0.0334,0.0385
C3L-02890,0.011,0.0,0.0064,0.0035,0.0008,0.0,0.017,0.0105,0.0127,0.0179,0.0072,0.0,0.0077,0.006,0.0,0.0122,0.0151,0.0269,0.0,0.0047,0.495,0.0,0.0001,0.0553,0.1556,0.0012,0.0604,0.0043,0.0,0.6139,0.0081,0.0,0.0034,0.0021,0.001,0.0042,0.0,0.0,0.0001,0.0,0.0,0.0203,0.0046,0.0,0.0,0.0364,0.008,0.0,0.0,0.0245,0.0,0.2331,0.001,0.0,0.0821,0.0164,0.1016,0.1896,0.1887,0.0,0.0,0.0,0.0,0.0,0.0447,0.0055,0.0502
C3L-02897,0.0096,0.0,0.0,0.0,0.0,0.0,0.0,0.0101,0.0,0.0003,0.0048,0.0,0.0,0.0226,0.0,0.0,0.0,0.0167,0.0,0.0,0.5791,0.0,0.0,0.0476,0.1979,0.0,0.1187,0.0193,0.0,0.7203,0.0152,0.0,0.0136,0.0,0.0032,0.0049,0.0,0.0,0.0,0.0,0.0,0.0084,0.0085,0.0,0.0,0.0169,0.0,0.0,0.0,0.0548,0.0,0.2296,0.0011,0.0,0.079,0.0,0.0263,0.0694,0.4052,0.0,0.0,0.0,0.0,0.0,0.0215,0.0048,0.0263
C3L-02899,0.0085,0.0,0.0,0.0068,0.0,0.0,0.0,0.0043,0.0,0.0,0.0004,0.0,0.0,0.0215,0.0,0.0343,0.0,0.037,0.0,0.0,0.605,0.0,0.047,0.0539,0.162,0.0,0.1487,0.0126,0.0,0.6069,0.022,0.0,0.0101,0.0,0.0005,0.0053,0.0,0.0,0.0186,0.0,0.0,0.0094,0.0041,0.0,0.0,0.0252,0.0006,0.0,0.0,0.051,0.0,0.2344,0.0,0.0065,0.0468,0.0145,0.106,0.0522,0.4654,0.0,0.0,0.0,0.0,0.0,0.0517,0.0278,0.0795
C3L-03123,0.0,0.0,0.1396,0.1581,0.0371,0.0141,0.0079,0.0998,0.0,0.0843,0.1119,0.0695,0.0028,0.008,0.0,0.0,0.0553,0.0675,0.0,0.0,0.4614,0.0,0.0,0.0906,0.0,0.0,0.0532,0.0239,0.0,0.2742,0.129,0.0418,0.0292,0.0094,0.0,0.0022,0.0492,0.0,0.0351,0.0,0.0084,0.0251,0.0,0.0,0.0,0.0063,0.0227,0.0,0.0,0.0068,0.0,0.1691,0.069,0.0806,0.2341,0.1185,0.1898,0.113,0.6063,0.0,0.0,0.0043,0.178,0.0409,0.3403,0.0,0.3403
C3L-03129,0.0078,0.0,0.0518,0.0516,0.0,0.0016,0.0339,0.0254,0.0217,0.0502,0.0595,0.0,0.0027,0.0003,0.0,0.0022,0.0369,0.0076,0.02,0.0,0.2367,0.0,0.0183,0.0616,0.2765,0.0,0.0092,0.0,0.0,0.4147,0.025,0.0024,0.0205,0.0059,0.0089,0.0053,0.0143,0.0,0.0,0.0,0.0,0.0054,0.0119,0.0,0.0,0.0,0.0209,0.0031,0.0,0.0097,0.0,0.1906,0.0,0.0,0.0456,0.0008,0.1164,0.0833,0.0149,0.0071,0.0072,0.0038,0.0,0.0,0.0937,0.023,0.1167
C3L-03356,0.0068,0.0,0.0257,0.0,0.0,0.0,0.041,0.0176,0.0,0.0379,0.0529,0.0198,0.0,0.0134,0.0,0.0594,0.0124,0.015,0.0,0.0,0.5872,0.0,0.1089,0.0477,0.1673,0.0,0.1124,0.0413,0.0,0.1885,0.0693,0.0187,0.0377,0.0088,0.0069,0.0095,0.0,0.021,0.0,0.0,0.0,0.0168,0.0063,0.0,0.0,0.108,0.0052,0.0,0.0,0.0399,0.0,0.2465,0.0019,0.0,0.1136,0.0,0.0784,0.1532,0.188,0.0,0.0,0.0,0.0,0.0,0.1045,0.0578,0.1623
C3L-03371,0.0118,0.0,0.0003,0.0335,0.005,0.0,0.0349,0.0494,0.0,0.0612,0.0776,0.0,0.0077,0.0129,0.0,0.0,0.0,0.035,0.0,0.0,0.2747,0.0,0.0245,0.0893,0.2254,0.0,0.0118,0.0138,0.0,0.4323,0.0395,0.0056,0.0247,0.0109,0.0004,0.0075,0.0,0.0,0.0,0.0,0.0,0.0236,0.0166,0.0,0.0,0.0,0.0199,0.0,0.0,0.0129,0.0,0.2061,0.0,0.0,0.0646,0.0316,0.1064,0.1732,0.2427,0.0,0.0,0.0,0.0,0.0,0.1013,0.0182,0.1194
C3L-03388,0.0031,0.0,0.0195,0.0376,0.0,0.0,0.0,0.0118,0.0,0.0133,0.015,0.0,0.0007,0.0194,0.0,0.0055,0.0,0.0,0.0,0.0,0.5304,0.0,0.076,0.041,0.0735,0.0,0.0743,0.0256,0.0,0.4008,0.0014,0.0,0.0025,0.0017,0.0004,0.0129,0.0011,0.0,0.0,0.0031,0.0,0.0,0.0035,0.0015,0.0,0.0,0.0351,0.0,0.0,0.0556,0.0,0.3257,0.0,0.0,0.1582,0.0,0.0,0.0057,0.0247,0.0,0.0,0.0004,0.0,0.0045,0.0249,0.0396,0.0645
C3L-03394,0.0425,0.0,0.3962,0.0175,0.0637,0.0473,0.0174,0.108,0.0972,0.1621,0.139,0.0099,0.0,0.0,0.0,0.0506,0.0716,0.0605,0.0184,0.0023,0.2403,0.0,0.1766,0.0722,0.3104,0.0062,0.0162,0.0,0.0,0.4491,0.0063,0.0,0.0176,0.0099,0.0048,0.0157,0.1476,0.0,0.0084,0.0,0.0,0.0541,0.0283,0.0,0.0,0.0196,0.0159,0.0,0.0007,0.0096,0.0062,0.1504,0.0,0.0,0.0202,0.0714,0.1847,0.3906,0.2787,0.007,0.0062,0.0599,0.0,0.0052,0.4729,0.1188,0.5917
C3L-03395,0.0123,0.0,0.0,0.0,0.0,0.0,0.0101,0.001,0.0,0.0016,0.0012,0.0,0.0001,0.0094,0.0,0.0263,0.0018,0.0,0.0,0.0,0.5308,0.0,0.01,0.0497,0.1858,0.0,0.0633,0.0,0.0,0.6464,0.0247,0.0,0.0287,0.0,0.0005,0.0093,0.0,0.0,0.0113,0.0,0.0,0.0033,0.0142,0.0042,0.0,0.036,0.0144,0.0,0.0,0.0347,0.0,0.2456,0.0,0.0,0.0152,0.0,0.0208,0.0221,0.034,0.0,0.0,0.0,0.0,0.0,0.0279,0.0112,0.039
C3L-03628,0.0,0.0,0.0036,0.009,0.0124,0.002,0.0495,0.0304,0.0,0.0031,0.0134,0.0,0.0,0.0001,0.0,0.0,0.0096,0.0607,0.0,0.0002,0.5394,0.0,0.0,0.0597,0.1326,0.0,0.0949,0.0,0.0,0.6067,0.0411,0.0,0.0272,0.0012,0.0006,0.0071,0.0,0.0,0.0254,0.0,0.0,0.0061,0.0082,0.0001,0.0,0.0,0.011,0.0,0.0,0.0558,0.0,0.1632,0.0049,0.0,0.0242,0.064,0.1373,0.1298,0.6574,0.0,0.0,0.0,0.0,0.0,0.0985,0.0,0.0985
C3L-03630,0.0,0.0,0.0,0.0,0.0018,0.0,0.0083,0.0144,0.0011,0.0108,0.0097,0.0024,0.0,0.025,0.0,0.0,0.0,0.0082,0.0,0.0,0.5445,0.0,0.0,0.0391,0.0847,0.0,0.064,0.028,0.0,0.6281,0.0376,0.0054,0.0176,0.0,0.0021,0.0107,0.0,0.0,0.0038,0.0,0.0,0.0207,0.0022,0.0,0.0,0.0217,0.0045,0.0,0.0,0.0408,0.0,0.1411,0.0084,0.0035,0.041,0.0199,0.0202,0.043,0.1736,0.0,0.0,0.0,0.0084,0.0,0.0415,0.0,0.0415
C3L-03632,0.0168,0.0,0.0,0.0,0.0,0.0,0.0198,0.005,0.0,0.021,0.0106,0.0047,0.0004,0.0031,0.0,0.0105,0.0,0.0,0.0,0.0,0.5101,0.0,0.0965,0.0504,0.2256,0.0087,0.0513,0.0151,0.0,0.5235,0.0,0.0,0.0025,0.0024,0.004,0.0036,0.0,0.0,0.0,0.0,0.0,0.0075,0.0112,0.0,0.0,0.0177,0.006,0.0,0.0,0.0138,0.0,0.2376,0.0,0.0,0.0174,0.0,0.052,0.0423,0.0,0.0,0.0,0.0,0.0,0.0,0.0156,0.0566,0.0722
C3L-03635,0.0401,0.0419,0.0,0.0,0.0,0.0,0.0,0.0115,0.0049,0.0335,0.0296,0.0028,0.0042,0.0085,0.0,0.118,0.0008,0.0,0.0,0.0,0.5156,0.0,0.1012,0.0132,0.1732,0.0,0.0742,0.0034,0.0,0.2036,0.0026,0.0,0.0046,0.0,0.0014,0.0091,0.0,0.0177,0.0,0.0,0.0,0.0098,0.0097,0.0,0.0,0.1428,0.0045,0.0,0.0,0.0177,0.0,0.3619,0.0,0.0,0.0856,0.0,0.0269,0.0121,0.0,0.0,0.0,0.0,0.0,0.0,0.0241,0.0706,0.0947
C3L-03639,0.0,0.0,0.0064,0.0723,0.0,0.0,0.0,0.013,0.0,0.0,0.0,0.0129,0.0074,0.0454,0.0,0.0,0.0,0.0093,0.0,0.0,0.6766,0.0,0.0,0.0,0.0091,0.0,0.1364,0.0243,0.0,0.3286,0.0322,0.0001,0.0082,0.0,0.0,0.0,0.0,0.0,0.0013,0.0,0.0,0.0254,0.0,0.0,0.0,0.0,0.0094,0.0,0.0,0.0493,0.0,0.1944,0.0292,0.0538,0.2571,0.0059,0.0662,0.0087,0.2071,0.0,0.0,0.0,0.0253,0.0168,0.0328,0.0,0.0328
C3L-03743,0.0089,0.0,0.0,0.0,0.0,0.0,0.0,0.0054,0.0,0.0,0.0,0.0,0.0,0.0223,0.0,0.0539,0.0,0.0,0.0,0.0,0.6016,0.0,0.0362,0.0381,0.1476,0.0,0.1031,0.022,0.0,0.3868,0.0084,0.0,0.0065,0.0,0.0016,0.0056,0.0,0.0178,0.0,0.0,0.0,0.008,0.006,0.0,0.0,0.1088,0.004,0.0,0.0,0.0281,0.0,0.3573,0.0,0.0,0.085,0.0016,0.022,0.0065,0.0,0.0003,0.0,0.0,0.0,0.0,0.0056,0.0226,0.0282
C3L-04027,0.0,0.0,0.0029,0.0648,0.0,0.0,0.0099,0.0211,0.0,0.0,0.0,0.0,0.0,0.0,0.0,0.0,0.0253,0.0948,0.0,0.0123,0.3808,0.0,0.0,0.1525,0.088,0.0,0.0972,0.0021,0.0,0.7202,0.0896,0.0046,0.0383,0.0009,0.0016,0.0085,0.0,0.0,0.0796,0.0,0.0,0.0714,0.0019,0.0,0.0,0.0,0.0,0.0,0.0,0.0385,0.0,0.1995,0.0072,0.0,0.1197,0.0786,0.1141,0.3807,0.9951,0.0,0.0,0.0,0.018,0.0,0.1867,0.0,0.1867
C3L-04072,0.0,0.0,0.0,0.0176,0.0,0.0075,0.0,0.0035,0.0,0.0,0.0,0.0,0.0,0.0424,0.0,0.0,0.0,0.0007,0.0,0.0,0.6655,0.0,0.0,0.0041,0.1309,0.0,0.208,0.0729,0.0,0.549,0.0093,0.0,0.0,0.0,0.0,0.0,0.0,0.0,0.0,0.0,0.0,0.0391,0.0,0.0,0.0,0.0,0.0002,0.0,0.0,0.0787,0.0,0.029,0.0007,0.0502,0.1767,0.0049,0.0608,0.0251,0.0605,0.0,0.0,0.0,0.0,0.0109,0.0067,0.0,0.0067
C3L-04080,0.0076,0.0,0.0,0.0,0.0,0.0,0.0,0.0085,0.0,0.0088,0.0052,0.0,0.0008,0.0098,0.0,0.0176,0.0,0.0016,0.0,0.0004,0.5706,0.0,0.0339,0.054,0.1882,0.0022,0.0804,0.0098,0.0,0.6231,0.0073,0.0,0.0091,0.0,0.0025,0.0037,0.0,0.0082,0.0,0.0,0.0,0.0166,0.0018,0.0,0.0,0.0272,0.0029,0.0,0.0,0.0268,0.0,0.1755,0.0,0.0,0.0739,0.0265,0.0338,0.0208,0.0721,0.0,0.001,0.0,0.0,0.0,0.0121,0.0208,0.0328
C3L-04473,0.0043,0.0,0.0463,0.0316,0.0069,0.0,0.0629,0.0606,0.0025,0.1536,0.1623,0.0637,0.0059,0.0052,0.0,0.0,0.0193,0.034,0.0,0.0,0.4381,0.0,0.0,0.0554,0.1804,0.0,0.0392,0.0,0.0,0.6594,0.063,0.0134,0.038,0.0056,0.002,0.0105,0.0043,0.0,0.0128,0.0,0.0,0.0107,0.0079,0.0,0.0,0.0,0.0514,0.0,0.0,0.0252,0.0,0.1762,0.0083,0.0,0.1459,0.043,0.1613,0.1468,0.165,0.0,0.0,0.0,0.021,0.0,0.2148,0.0022,0.217
C3L-04475,0.0085,0.0,0.0,0.0,0.0,0.0,0.0019,0.0037,0.0026,0.0191,0.0115,0.0,0.0008,0.0144,0.0,0.0797,0.0,0.0,0.0064,0.0,0.5978,0.0,0.121,0.0248,0.153,0.0,0.114,0.0186,0.0,0.2229,0.0174,0.0,0.0082,0.0,0.0035,0.0055,0.0,0.0177,0.0,0.0,0.0,0.0084,0.0102,0.0,0.0,0.1981,0.0032,0.0,0.0,0.0548,0.0,0.3364,0.0048,0.0,0.0163,0.0134,0.0023,0.0002,0.1143,0.0004,0.0,0.0,0.0,0.0,0.0243,0.068,0.0923
C3L-04479,0.0103,0.0652,0.0,0.0,0.0,0.0,0.0007,0.0023,0.0,0.0,0.001,0.0,0.0024,0.0196,0.0,0.0,0.0,0.0194,0.0073,0.0006,0.4969,0.0,0.102,0.0934,0.1695,0.0071,0.0667,0.009,0.0,0.2649,0.0129,0.0141,0.0094,0.0,0.0054,0.0041,0.0,0.0,0.0,0.0074,0.0,0.0,0.0031,0.0,0.0443,0.0653,0.0395,0.0002,0.0,0.0163,0.0,0.3465,0.0,0.0,0.0607,0.0,0.0,0.0508,0.5019,0.0001,0.0028,0.0,0.0,0.0,0.0219,0.0598,0.0817
C3L-04495,0.0053,0.0,0.0029,0.0207,0.0,0.0,0.0108,0.023,0.0,0.028,0.0245,0.0,0.0,0.0065,0.0,0.0,0.0128,0.036,0.0,0.004,0.4656,0.0,0.0,0.093,0.1835,0.0036,0.0683,0.0,0.0,0.5739,0.0108,0.0,0.0123,0.0,0.0003,0.0054,0.0,0.0,0.0028,0.0,0.0,0.0053,0.0099,0.0,0.0,0.0,0.0127,0.0,0.0,0.0224,0.0,0.2593,0.0,0.0,0.0666,0.0377,0.0579,0.1038,0.4364,0.0,0.0,0.0,0.0,0.0,0.0563,0.0026,0.059
C3L-04848,0.0192,0.0,0.315,0.0114,0.0389,0.0508,0.0638,0.0905,0.0346,0.0662,0.0917,0.0019,0.0026,0.0094,0.0,0.0716,0.1018,0.0483,0.0,0.0015,0.5253,0.0,0.1555,0.0579,0.1702,0.0002,0.0586,0.0068,0.0,0.34,0.0173,0.0,0.015,0.0037,0.0039,0.0095,0.133,0.0,0.0051,0.0,0.0,0.0147,0.0062,0.0,0.0,0.1014,0.0245,0.0,0.0,0.0415,0.0008,0.1686,0.0,0.0,0.0513,0.0697,0.2011,0.2351,0.2419,0.001,0.0,0.0429,0.0092,0.0291,0.3307,0.0874,0.418
C3L-04853,0.0,0.0,0.0,0.0122,0.0,0.0,0.0162,0.0069,0.0,0.0,0.0026,0.0,0.0,0.0076,0.0,0.0,0.0,0.0,0.0,0.0,0.6302,0.0,0.0,0.0226,0.123,0.0,0.1395,0.0,0.0,0.6339,0.028,0.0031,0.0225,0.0,0.0,0.0058,0.0,0.0,0.0128,0.0,0.0,0.0077,0.0033,0.0295,0.0,0.0,0.005,0.0,0.0,0.0543,0.0,0.1431,0.0039,0.0,0.0633,0.0,0.0153,0.0,0.0,0.0,0.0,0.0,0.0012,0.0,0.0469,0.0,0.0469
C3N-00198,0.0009,0.0,0.1391,0.0883,0.0,0.0238,0.0754,0.0164,0.0111,0.0451,0.0245,0.0,0.0,0.0,0.0,0.0783,0.088,0.0404,0.0,0.0,0.5444,0.0,0.1371,0.0033,0.0996,0.0042,0.0548,0.0,0.0,0.2576,0.0228,0.0,0.0236,0.0045,0.0033,0.015,0.039,0.0405,0.0454,0.0,0.0,0.0376,0.0176,0.0,0.0,0.1729,0.0075,0.0,0.0,0.0356,0.0,0.125,0.0,0.0,0.0073,0.0439,0.1651,0.1364,0.3552,0.0038,0.005,0.0136,0.0,0.0064,0.1982,0.069,0.2672
C3N-00249,0.0015,0.0,0.0279,0.0067,0.0,0.0109,0.0596,0.0047,0.0,0.0171,0.0076,0.0017,0.0009,0.01,0.0,0.0888,0.0136,0.0,0.0,0.0,0.6045,0.0,0.0787,0.0171,0.0666,0.0011,0.0637,0.0368,0.0,0.0924,0.0,0.0,0.0,0.0,0.0067,0.0057,0.0108,0.0262,0.0,0.0,0.0,0.0036,0.006,0.0,0.0,0.0486,0.0215,0.0061,0.0,0.0294,0.0,0.2639,0.0,0.0319,0.0304,0.0,0.0271,0.0277,0.0135,0.0,0.0,0.0,0.0,0.0105,0.03,0.0401,0.0701
C3N-00302,0.0077,0.1444,0.0,0.0,0.0,0.0,0.0,0.0,0.0,0.0,0.0,0.0,0.0028,0.0136,0.0,0.0234,0.0,0.0,0.0009,0.0,0.4944,0.0,0.0064,0.0185,0.0713,0.0,0.1202,0.0362,0.0,0.2371,0.0073,0.0,0.0,0.0,0.0,0.0019,0.0,0.0429,0.0004,0.0,0.0,0.0059,0.0028,0.0,0.0,0.095,0.0037,0.0,0.0,0.031,0.0,0.3232,0.0048,0.0202,0.1086,0.0,0.0084,0.0,0.0442,0.0,0.0,0.0,0.0,0.0019,0.0051,0.0075,0.0126
C3N-00303,0.0884,0.0234,1.1341,0.001,0.0514,0.0565,0.0,0.1517,0.2223,0.3415,0.237,0.1557,0.0381,0.0,0.0,0.0593,0.2605,0.0414,0.031,0.0,0.2476,0.0,0.1302,0.0,0.0896,0.0027,0.0395,0.0,0.0,0.2217,0.0275,0.0,0.0218,0.0277,0.0075,0.005,0.3372,0.0112,0.0351,0.0,0.0,0.1062,0.0003,0.0,0.0,0.0682,0.0,0.0,0.0382,0.0,0.0026,0.0,0.0,0.0,0.1545,0.0642,0.1926,0.1044,0.3164,0.0095,0.0336,0.2117,0.0,0.1361,1.1058,0.1248,1.2306
C3N-00436,0.0109,0.0325,0.0003,0.0333,0.0,0.0,0.0226,0.0,0.0,0.0,0.0,0.0,0.0,0.0134,0.0,0.0562,0.0195,0.0494,0.0,0.0,0.487,0.0,0.0779,0.01,0.0829,0.0,0.1028,0.0338,0.0,0.3619,0.0518,0.0,0.0346,0.0,0.0004,0.0165,0.0,0.0,0.076,0.0006,0.0,0.0246,0.0031,0.0115,0.0,0.073,0.005,0.0,0.0,0.0368,0.0,0.2698,0.0029,0.0,0.0333,0.0,0.0421,0.203,0.4133,0.0,0.0,0.0,0.0069,0.0,0.126,0.0444,0.1704
C3N-00511,0.0014,0.0,0.0057,0.0,0.0081,0.0038,0.0834,0.0176,0.0,0.0168,0.012,0.0086,0.0024,0.0025,0.0006,0.0213,0.0021,0.0335,0.0,0.0,0.7175,0.0,0.0,0.0489,0.0373,0.0,0.127,0.0641,0.0,0.2413,0.0,0.0,0.0,0.0083,0.0026,0.0065,0.0039,0.0358,0.0,0.0,0.0,0.0396,0.0029,0.0,0.0,0.0395,0.0055,0.0,0.0,0.0406,0.0,0.1269,0.0042,0.0,0.0737,0.0,0.1085,0.2033,0.1922,0.0,0.0,0.0,0.0,0.0,0.0483,0.0007,0.049
C3N-00512,0.0078,0.0,0.1288,0.0113,0.0098,0.0373,0.1093,0.0527,0.0104,0.0662,0.059,0.0189,0.0145,0.0,0.0,0.0484,0.0429,0.0367,0.0,0.0,0.4944,0.0,0.1056,0.0424,0.1979,0.0024,0.0473,0.0168,0.0,0.5877,0.0225,0.0009,0.0181,0.0089,0.004,0.0088,0.0744,0.0,0.0036,0.0,0.0,0.0276,0.0058,0.0,0.0,0.0048,0.0619,0.0,0.0,0.0283,0.0,0.1424,0.0017,0.0,0.0378,0.0166,0.1428,0.2311,0.2882,0.0,0.0,0.0,0.0,0.0,0.1843,0.0567,0.241
C3N-00513,0.0045,0.0,0.0,0.0606,0.0,0.0,0.0581,0.0129,0.0,0.0213,0.0176,0.0011,0.0061,0.0029,0.0,0.0,0.0,0.045,0.0,0.0,0.4069,0.0,0.005,0.1145,0.1453,0.0041,0.0472,0.0296,0.0,0.7359,0.0221,0.0,0.0186,0.0053,0.0026,0.0069,0.0,0.0,0.0379,0.0,0.0,0.0231,0.0068,0.0,0.0,0.0073,0.0037,0.0,0.0,0.0267,0.0,0.1954,0.0,0.0,0.0546,0.0,0.0959,0.3191,0.4198,0.0,0.0,0.0,0.0011,0.0,0.0877,0.0048,0.0925
C3N-00514,0.0051,0.0224,0.1294,0.0797,0.0,0.0,0.0201,0.0655,0.0114,0.0227,0.0467,0.0076,0.011,0.0048,0.0,0.0328,0.0374,0.1073,0.0134,0.0039,0.4457,0.0,0.1411,0.1836,0.1211,0.0,0.2395,0.0102,0.0,0.5092,0.0294,0.0,0.0102,0.002,0.0015,0.0131,0.0581,0.0,0.046,0.0,0.0,0.0266,0.0026,0.0,0.0,0.0,0.0275,0.0,0.0,0.107,0.0,0.3067,0.0,0.0,0.2594,0.0263,0.1252,0.5912,0.8094,0.0019,0.0117,0.011,0.0259,0.0125,0.2271,0.0798,0.3069
C3N-00516,0.0054,0.0265,0.0134,0.0,0.0015,0.0,0.0342,0.0166,0.0151,0.0244,0.0122,0.0131,0.0019,0.0098,0.0,0.0,0.0194,0.0303,0.0,0.0,0.6298,0.0,0.0284,0.0478,0.0739,0.0,0.1867,0.0283,0.0,0.6074,0.0116,0.0,0.0029,0.0,0.0009,0.0018,0.0,0.0,0.0046,0.0,0.0,0.0192,0.0024,0.0,0.0,0.079,0.0055,0.0,0.0,0.0494,0.0,0.2174,0.0076,0.0,0.0869,0.0,0.1196,0.1461,0.2023,0.0,0.0,0.0,0.0,0.0009,0.0572,0.0169,0.0741
C3N-00517,0.0129,0.0,0.0,0.0146,0.0005,0.0,0.0645,0.0162,0.0,0.0362,0.0214,0.0097,0.0075,0.0,0.0,0.0,0.0,0.0192,0.0,0.0041,0.4467,0.0,0.0,0.0951,0.1643,0.004,0.0311,0.0209,0.0,0.5492,0.0165,0.0009,0.0188,0.0,0.0011,0.0033,0.0,0.0,0.0,0.0,0.0,0.0051,0.0107,0.0,0.0,0.0,0.0129,0.0005,0.0,0.0211,0.0,0.165,0.0,0.0098,0.0162,0.0121,0.1162,0.1423,0.0825,0.0,0.0,0.0,0.0,0.0,0.051,0.0064,0.0574
C3N-00518,0.0095,0.0,0.0,0.0,0.0,0.0,0.0209,0.0029,0.0,0.0,0.0035,0.0,0.0018,0.0118,0.0,0.0563,0.0095,0.0554,0.0,0.0,0.5249,0.0,0.0838,0.0264,0.1436,0.0,0.1534,0.0135,0.0,0.5242,0.0391,0.0,0.0375,0.0,0.0003,0.0086,0.0,0.0,0.0673,0.0,0.0,0.0112,0.008,0.0,0.0,0.0,0.003,0.0,0.0,0.05,0.0,0.3205,0.0,0.0,0.0413,0.0,0.0961,0.1731,0.534,0.0,0.0,0.0,0.0,0.0,0.1079,0.0466,0.1545
C3N-00709,0.0044,0.0,0.0,0.0,0.0,0.0028,0.0,0.0,0.0131,0.0061,0.0,0.0,0.0028,0.0029,0.0,0.0211,0.0064,0.0,0.0022,0.0031,0.6079,0.0,0.0,0.0038,0.1411,0.0,0.0904,0.0,0.0,0.2959,0.0,0.0,0.0036,0.0,0.006,0.0085,0.0,0.0184,0.0,0.0,0.0,0.0175,0.008,0.0,0.0,0.0716,0.0044,0.0,0.0,0.0433,0.0,0.091,0.0,0.0,0.0558,0.0,0.0177,0.0015,0.0121,0.0007,0.0005,0.0,0.0,0.0,0.0061,0.0033,0.0094
C3N-00957,0.0492,0.0457,0.1494,0.0,0.0403,0.0314,0.0841,0.0475,0.0774,0.0537,0.0525,0.0001,0.0057,0.0064,0.0,0.0721,0.024,0.0028,0.0055,0.0,0.4458,0.0,0.1265,0.0059,0.1432,0.0,0.0523,0.0127,0.0,0.265,0.0365,0.0001,0.0353,0.0,0.0126,0.006,0.0544,0.0,0.0102,0.0,0.0,0.0193,0.0008,0.0,0.0,0.0538,0.0129,0.0,0.0,0.024,0.0,0.2357,0.0,0.0,0.0606,0.0,0.0908,0.0439,0.0252,0.0018,0.0054,0.0215,0.0,0.0062,0.1953,0.0906,0.2859
C3N-01011,0.0081,0.0,0.0,0.0088,0.0,0.0,0.054,0.0148,0.0,0.0745,0.0742,0.0098,0.0067,0.0078,0.0,0.0021,0.0,0.0134,0.0016,0.0,0.5233,0.0,0.0594,0.062,0.2502,0.0065,0.0479,0.0335,0.0,0.6186,0.0091,0.0,0.0103,0.0044,0.0072,0.0079,0.0,0.0,0.0,0.0,0.0,0.0073,0.006,0.0,0.0,0.0382,0.0081,0.0,0.0,0.0257,0.0,0.1401,0.0,0.0,0.088,0.0009,0.0851,0.1586,0.1301,0.0052,0.0073,0.0,0.0,0.0,0.0676,0.0346,0.1022
C3N-01012,0.0047,0.0,0.0,0.0234,0.0,0.0,0.0409,0.0323,0.0,0.0124,0.0205,0.0,0.0044,0.0261,0.0,0.0,0.0,0.0202,0.0,0.0,0.5588,0.0,0.0,0.0575,0.1547,0.0021,0.0694,0.0368,0.0,0.5,0.0129,0.0,0.0121,0.0067,0.0021,0.0043,0.0,0.0,0.0,0.0,0.0,0.0179,0.0054,0.0,0.0,0.0,0.0077,0.0,0.0,0.0388,0.0,0.1687,0.0,0.0,0.0983,0.0158,0.0347,0.1558,0.3469,0.0,0.0,0.0,0.0,0.0,0.0348,0.0024,0.0371
C3N-01165,0.0,0.0,0.0088,0.0,0.0,0.0,0.0282,0.0046,0.0,0.0,0.0033,0.0003,0.0009,0.0075,0.0,0.0,0.0221,0.0111,0.0,0.0,0.5524,0.0,0.0,0.0462,0.1258,0.0,0.1204,0.0149,0.0,0.7132,0.063,0.019,0.0474,0.0,0.0005,0.0104,0.0114,0.0,0.0368,0.0,0.0,0.0163,0.0026,0.0233,0.0,0.0,0.0041,0.0,0.0,0.0609,0.0,0.0956,0.0171,0.0,0.0261,0.0,0.0779,0.0482,0.2704,0.0,0.0,0.0,0.0414,0.0,0.0953,0.0,0.0953
C3N-01166,0.0058,0.0,0.06,0.0367,0.0,0.0018,0.0458,0.0102,0.0041,0.0034,0.0013,0.0,0.0041,0.003,0.0005,0.017,0.0292,0.0462,0.0055,0.0,0.5629,0.0,0.1037,0.0464,0.1599,0.0028,0.0994,0.0162,0.0,0.4733,0.0304,0.0,0.0331,0.0076,0.0057,0.0102,0.0209,0.0,0.0283,0.0,0.0,0.01,0.0065,0.0,0.0,0.0254,0.0125,0.0,0.0,0.0534,0.0,0.1463,0.0032,0.0,0.0105,0.0,0.1305,0.1247,0.4738,0.0011,0.0033,0.0,0.0,0.0,0.1173,0.0575,0.1748
C3N-01167,0.0024,0.0,0.0,0.0247,0.0,0.0,0.0206,0.0033,0.0,0.0,0.0,0.0,0.0,0.0224,0.0,0.0244,0.0,0.0,0.0,0.0,0.548,0.0,0.0,0.0073,0.0409,0.0028,0.0582,0.046,0.0,0.2599,0.019,0.0095,0.0149,0.0012,0.0,0.0062,0.0,0.0,0.0,0.0,0.0,0.0074,0.0068,0.0,0.0,0.0223,0.008,0.0,0.0,0.0257,0.0,0.1485,0.0091,0.0232,0.089,0.0,0.0116,0.0,0.1298,0.0,0.0,0.0,0.0006,0.0107,0.0135,0.0012,0.0147
C3N-01168,0.0,0.0,0.0,0.0158,0.0,0.0,0.0171,0.0125,0.0,0.0266,0.0182,0.0178,0.0054,0.0109,0.0,0.0,0.0,0.0,0.0,0.0033,0.4796,0.0,0.0,0.1348,0.1161,0.0,0.0476,0.0,0.0,0.5693,0.0528,0.0209,0.0305,0.0,0.0,0.0051,0.0,0.0,0.0043,0.0,0.0,0.0121,0.0044,0.0248,0.0,0.0,0.014,0.0,0.0,0.0299,0.0,0.1174,0.0105,0.0078,0.1021,0.0,0.0659,0.0,0.0457,0.0,0.0,0.0,0.0238,0.0,0.0745,0.0,0.0745
C3N-01375,0.0016,0.0993,0.0,0.0032,0.0,0.0,0.0285,0.0056,0.0,0.0119,0.0077,0.0102,0.0044,0.0064,0.0,0.0578,0.009,0.0055,0.0017,0.001,0.6059,0.0,0.1577,0.0396,0.0938,0.0,0.12,0.0167,0.0,0.3337,0.0233,0.0,0.0269,0.0025,0.0012,0.008,0.0,0.027,0.0181,0.0055,0.0,0.0076,0.001,0.0,0.0,0.1464,0.0044,0.0,0.0,0.03,0.0,0.2381,0.0,0.0017,0.0736,0.007,0.0529,0.0144,0.1266,0.0,0.0,0.0,0.025,0.0,0.0415,0.0805,0.122
C3N-01379,0.0048,0.0,0.0286,0.0826,0.0,0.0,0.1079,0.0188,0.0074,0.1101,0.0738,0.0705,0.0169,0.0,0.0,0.0,0.0215,0.0231,0.0,0.0,0.2622,0.0,0.0,0.0636,0.1442,0.006,0.017,0.0,0.0,0.6166,0.0922,0.0109,0.0616,0.0013,0.0015,0.0086,0.0058,0.0,0.045,0.0,0.0,0.0013,0.0072,0.0,0.0,0.001,0.025,0.0,0.0,0.0182,0.0,0.1102,0.0051,0.0,0.0518,0.0,0.14,0.1236,0.2027,0.0,0.0,0.0,0.0119,0.0,0.2002,0.0024,0.2026
C3N-01380,0.0096,0.0,0.0445,0.0,0.0,0.0,0.0541,0.0028,0.0184,0.0931,0.0286,0.0411,0.021,0.0,0.0,0.0456,0.0258,0.0148,0.0251,0.0008,0.462,0.0,0.174,0.0555,0.2702,0.0,0.0867,0.0444,0.0,0.6738,0.0128,0.0,0.0181,0.0014,0.0039,0.008,0.0202,0.0,0.0041,0.0,0.0,0.0152,0.0057,0.0,0.0,0.0699,0.0093,0.0,0.0,0.0127,0.0,0.0584,0.0,0.0,0.0854,0.0,0.0885,0.1416,0.1335,0.0034,0.0339,0.0,0.0,0.0,0.1143,0.1044,0.2187
C3N-01381,0.0,0.0,0.0,0.0,0.0,0.0,0.0018,0.0,0.0,0.0034,0.0,0.0,0.0023,0.0108,0.0,0.0,0.0,0.0,0.0,0.0,0.5741,0.0,0.0,0.0336,0.1258,0.0,0.1119,0.0133,0.0,0.5652,0.0019,0.0,0.0103,0.0013,0.0005,0.0008,0.0,0.0,0.0,0.0,0.0,0.0101,0.0069,0.0,0.0,0.0681,0.0032,0.0,0.0,0.02,0.0,0.1907,0.0017,0.0049,0.0157,0.0,0.0004,0.0,0.0,0.0,0.0,0.0,0.0,0.0,0.0044,0.0,0.0044
C3N-01382,0.0,0.0263,0.0,0.0368,0.0,0.0,0.0254,0.0048,0.0,0.0024,0.0,0.0,0.0031,0.0,0.0,0.0,0.0022,0.0364,0.0,0.0001,0.4694,0.0,0.0,0.0885,0.0976,0.0,0.0789,0.0066,0.0,0.7098,0.0286,0.0,0.0231,0.0,0.0004,0.0026,0.0,0.0,0.016,0.0,0.0,0.009,0.0036,0.0,0.0,0.0281,0.0096,0.0,0.0,0.0226,0.0,0.1914,0.0019,0.0023,0.0229,0.0317,0.0644,0.1825,0.5168,0.0,0.0,0.0,0.0052,0.0,0.0557,0.0,0.0557
C3N-01383,0.0082,0.0,0.0,0.0172,0.0,0.0,0.0152,0.0,0.0,0.0003,0.0,0.0,0.0,0.0,0.0,0.0266,0.0072,0.0616,0.0,0.0,0.5829,0.0,0.0657,0.0508,0.1548,0.0,0.1212,0.019,0.0,0.639,0.0284,0.0,0.0225,0.0,0.004,0.0059,0.0,0.0,0.0778,0.0,0.0,0.0216,0.0062,0.0,0.0,0.1227,0.0028,0.0,0.0,0.0505,0.0,0.2284,0.0,0.0,0.0382,0.0,0.0899,0.1311,0.6834,0.0,0.0,0.0,0.0,0.0,0.1121,0.0369,0.149
C3N-01388,0.0,0.0067,0.0,0.0397,0.0,0.0,0.0274,0.0,0.0,0.0067,0.001,0.0021,0.0035,0.0092,0.0,0.0109,0.0033,0.0,0.0,0.0,0.5355,0.0,0.0916,0.0121,0.1398,0.0,0.0789,0.0102,0.0,0.8172,0.0236,0.0,0.0335,0.0,0.0009,0.0127,0.0,0.0,0.0485,0.0039,0.0,0.0118,0.0005,0.0105,0.0,0.06,0.0043,0.0,0.0,0.0521,0.0,0.1293,0.0,0.024,0.0161,0.0,0.0415,0.0,0.0,0.0,0.0,0.0,0.0,0.0,0.0595,0.0458,0.1053
C3N-01502,0.0,0.0926,0.103,0.0053,0.0098,0.0319,0.0885,0.0174,0.0285,0.0452,0.0191,0.0224,0.0036,0.0,0.0,0.1042,0.0456,0.0295,0.0693,0.0001,0.2193,0.0,0.2812,0.022,0.1759,0.0023,0.0159,0.0,0.0,0.4402,0.037,0.0,0.0645,0.0049,0.0072,0.0137,0.0155,0.0,0.0485,0.0026,0.0,0.0286,0.0067,0.0108,0.0,0.2308,0.0221,0.0,0.0494,0.0072,0.0079,0.1221,0.0,0.0,0.0143,0.0187,0.2214,0.0173,0.1744,0.0351,0.041,0.0,0.0,0.0,0.1925,0.1753,0.3678
C3N-01714,0.0112,0.0763,0.0101,0.0949,0.0,0.0,0.0852,0.0183,0.0,0.0,0.0012,0.0,0.0,0.0,0.0,0.0604,0.0181,0.0691,0.0221,0.0133,0.633,0.0,0.0474,0.0984,0.0802,0.0,0.1026,0.0481,0.0,0.3447,0.0436,0.002,0.0298,0.0,0.0018,0.0091,0.0,0.0163,0.074,0.0,0.0,0.043,0.0024,0.0,0.0,0.1421,0.017,0.0,0.0,0.0513,0.0,0.1676,0.0,0.0243,0.0952,0.0517,0.1054,0.1411,0.9088,0.0033,0.0354,0.0,0.0027,0.0,0.1401,0.0403,0.1804
C3N-01715,0.0,0.0,0.0732,0.1328,0.0066,0.0,0.0347,0.0685,0.0,0.1602,0.1537,0.1383,0.0094,0.0405,0.0,0.0,0.0283,0.0397,0.0097,0.0,0.3668,0.0,0.0,0.0,0.0057,0.0,0.0573,0.0618,0.0,0.3213,0.0915,0.0176,0.0445,0.0003,0.0,0.0033,0.0005,0.0021,0.0114,0.0,0.0,0.035,0.0001,0.0,0.0,0.0115,0.0114,0.0,0.0,0.0,0.0,0.2733,0.0693,0.0297,0.6334,0.0113,0.1661,0.0269,0.4546,0.0,0.0249,0.0,0.044,0.0574,0.2553,0.0048,0.2601
C3N-01716,0.0049,0.0,0.0,0.0207,0.0,0.0,0.0386,0.002,0.0089,0.0032,0.0,0.0017,0.0071,0.0109,0.0,0.0,0.0132,0.0,0.0124,0.0001,0.5823,0.0,0.0,0.0576,0.1197,0.0,0.1174,0.0473,0.0,0.6746,0.0452,0.0141,0.0227,0.0,0.0008,0.0047,0.0,0.0,0.0124,0.0,0.0,0.0269,0.0021,0.0052,0.0,0.0556,0.0032,0.0,0.0,0.039,0.0,0.1868,0.0132,0.0368,0.0443,0.0,0.0458,0.0283,0.0036,0.0,0.0154,0.0,0.0042,0.0,0.0441,0.0086,0.0527
C3N-01719,0.0601,0.0747,0.0672,0.0493,0.0409,0.0322,0.0509,0.0694,0.0191,0.0725,0.0865,0.0136,0.0121,0.0,0.0,0.0763,0.0242,0.0288,0.0422,0.0,0.3022,0.0,0.2565,0.0391,0.2975,0.0013,0.0378,0.0082,0.0,0.3626,0.0281,0.0,0.0288,0.0095,0.0032,0.0137,0.0,0.0044,0.0301,0.0079,0.0,0.0424,0.0008,0.008,0.0,0.1114,0.0168,0.0,0.223,0.0077,0.0074,0.1889,0.0,0.0,0.1226,0.0891,0.1944,0.0645,0.1803,0.0104,0.0234,0.0038,0.0,0.0,0.1901,0.1794,0.3695
C3N-01900,0.0081,0.0,0.0,0.0,0.0,0.0,0.0188,0.01,0.0168,0.0518,0.0326,0.0243,0.0051,0.0,0.0,0.0338,0.0,0.0151,0.0093,0.0,0.2886,0.0,0.0987,0.0773,0.3069,0.0,0.0313,0.0124,0.0,0.5286,0.0149,0.0,0.0236,0.0124,0.0028,0.0099,0.0,0.0,0.0,0.0,0.0,0.0043,0.014,0.0,0.0,0.0,0.0,0.0,0.0,0.0094,0.0,0.2251,0.0,0.0,0.0298,0.0013,0.1241,0.2077,0.0741,0.0009,0.0,0.0,0.0,0.0,0.0628,0.058,0.1209
C3N-01907,0.015,0.0071,0.0,0.0,0.0,0.0,0.0,0.0,0.0094,0.0171,0.0011,0.0056,0.0048,0.0053,0.0,0.052,0.0015,0.0,0.0059,0.0,0.2245,0.0,0.1219,0.0366,0.3191,0.0,0.0123,0.0108,0.0,0.5478,0.0058,0.0,0.0162,0.0,0.006,0.0077,0.0,0.0,0.0,0.0,0.0,0.0021,0.0307,0.0,0.0,0.0433,0.0049,0.0,0.0,0.0066,0.0,0.3131,0.0,0.0,0.0097,0.0,0.0404,0.1361,0.0,0.0,0.0,0.0,0.0,0.0,0.0153,0.0714,0.0867
C3N-01997,0.0,0.0,0.0,0.0357,0.0,0.0,0.0559,0.0034,0.0,0.0116,0.0083,0.014,0.0067,0.0045,0.0,0.0,0.0,0.0,0.0032,0.0,0.4765,0.0,0.0,0.04,0.1503,0.0,0.0497,0.0397,0.0,0.6292,0.0253,0.0028,0.0307,0.0,0.0005,0.0081,0.0,0.0,0.0,0.0,0.0,0.0158,0.0082,0.0,0.0,0.0519,0.0018,0.0,0.0,0.0166,0.0,0.1103,0.0026,0.0025,0.043,0.0,0.0789,0.0634,0.0,0.0011,0.0073,0.0,0.0045,0.0,0.0246,0.0016,0.0262
C3N-01998,0.0,0.0,0.0168,0.0151,0.0,0.0,0.0494,0.0149,0.0,0.0149,0.0101,0.04,0.0028,0.0051,0.0,0.0,0.0189,0.0,0.0,0.0,0.4916,0.0,0.0,0.0454,0.1167,0.0,0.0525,0.0163,0.0,0.6752,0.0317,0.0147,0.0203,0.0,0.0008,0.0064,0.0104,0.0,0.0,0.0,0.0,0.0239,0.0024,0.0,0.0,0.0279,0.019,0.0,0.0,0.0241,0.0,0.1544,0.0186,0.0,0.0867,0.0,0.1232,0.0093,0.0,0.0,0.0,0.0,0.0483,0.0,0.0423,0.0,0.0423
C3N-02010,0.0,0.0,0.0,0.005,0.0029,0.0069,0.0535,0.0167,0.0,0.0106,0.0089,0.0,0.0049,0.0243,0.0,0.0,0.0,0.0,0.0,0.0,0.6786,0.0,0.0,0.0219,0.1059,0.0,0.0782,0.0438,0.0,0.1747,0.0032,0.0039,0.0,0.0,0.0011,0.0,0.0,0.0,0.0,0.0044,0.0,0.0103,0.0008,0.0,0.0183,0.0266,0.0161,0.0064,0.0,0.0396,0.0,0.2634,0.0021,0.0249,0.09,0.0,0.0,0.0156,0.0332,0.0,0.0,0.0,0.0,0.0,0.0111,0.0,0.0111
C3N-02295,0.0435,0.0,0.0,0.0278,0.003,0.0,0.0534,0.0305,0.0115,0.1041,0.0867,0.0349,0.003,0.0011,0.0,0.0631,0.0061,0.0167,0.0136,0.0,0.3285,0.0,0.2579,0.0544,0.311,0.0021,0.0245,0.0173,0.0,0.4487,0.0163,0.0,0.024,0.0074,0.0055,0.0142,0.0,0.0015,0.0052,0.0,0.0,0.0392,0.0204,0.0,0.0,0.0721,0.0037,0.0,0.0,0.0096,0.0,0.2753,0.0,0.0,0.0958,0.0061,0.1247,0.2041,0.0824,0.0018,0.002,0.0,0.0,0.0,0.1018,0.1575,0.2593
C3N-02573,0.0029,0.0,0.0,0.0146,0.0,0.0,0.0116,0.0036,0.0,0.0013,0.0012,0.0,0.0,0.0102,0.0,0.0216,0.0,0.0325,0.0,0.0,0.6079,0.0,0.0,0.0293,0.1331,0.0,0.1203,0.0037,0.0,0.4513,0.0303,0.0,0.0214,0.0043,0.0003,0.0052,0.0,0.0,0.0215,0.0,0.0,0.0132,0.0088,0.0,0.0,0.0,0.0017,0.0,0.0,0.0364,0.0,0.1487,0.0061,0.0,0.0232,0.0141,0.1107,0.0373,0.4139,0.0,0.0,0.0,0.0027,0.0,0.0599,0.0014,0.0614
C3N-02579,0.0,0.0,0.0,0.0086,0.0,0.0,0.0,0.0001,0.0,0.0,0.0,0.0,0.0038,0.0232,0.0,0.0,0.0,0.0,0.0,0.0,0.6689,0.0,0.0,0.0392,0.0613,0.0,0.1413,0.0238,0.0,0.7565,0.0054,0.0,0.0001,0.0,0.0,0.0008,0.0,0.0,0.0,0.0,0.0,0.0205,0.0015,0.0,0.0,0.0124,0.0042,0.0,0.0,0.0681,0.0,0.1833,0.0014,0.003,0.0794,0.0,0.0,0.0033,0.1242,0.0,0.0,0.0,0.0001,0.0,0.0036,0.0,0.0036
C3N-02585,0.0188,0.0192,0.0168,0.0,0.0,0.0,0.016,0.0175,0.0,0.051,0.0424,0.0188,0.0051,0.0281,0.0,0.0526,0.0064,0.0052,0.0,0.0,0.6431,0.0,0.0474,0.0335,0.1077,0.0,0.1634,0.0219,0.0,0.1923,0.0105,0.0,0.0121,0.0,0.0019,0.0033,0.0044,0.0074,0.0,0.0055,0.0,0.0053,0.0058,0.0,0.0,0.0,0.0028,0.0,0.0,0.0582,0.0,0.3406,0.0017,0.0,0.1252,0.0,0.0358,0.1017,0.0954,0.0,0.0,0.0009,0.0,0.0,0.0557,0.0331,0.0888
C3N-02589,0.0087,0.0,0.0,0.0,0.0,0.0,0.0069,0.0206,0.0,0.033,0.0347,0.0044,0.0028,0.0172,0.0,0.0219,0.0,0.0014,0.0,0.0,0.4873,0.0,0.0351,0.0532,0.2007,0.0,0.0563,0.0049,0.0,0.5396,0.0175,0.0,0.017,0.0,0.0022,0.0084,0.0,0.0,0.0,0.0,0.0,0.0055,0.0145,0.0,0.0,0.0197,0.0045,0.0,0.0,0.0348,0.0,0.2426,0.0014,0.0,0.0327,0.0004,0.0234,0.0504,0.1095,0.0,0.0,0.0,0.0,0.0,0.0346,0.0219,0.0565
C3N-02592,0.0193,0.1162,0.2,0.0,0.0,0.0134,0.0229,0.0427,0.0317,0.0591,0.0366,0.0236,0.0,0.0159,0.0,0.0437,0.0352,0.0177,0.035,0.0,0.49,0.0,0.0579,0.0334,0.2383,0.0,0.0611,0.0131,0.0,0.331,0.0188,0.0,0.0202,0.0009,0.0062,0.0018,0.0701,0.0,0.0,0.0057,0.0,0.0284,0.0009,0.0,0.0,0.0476,0.0139,0.0,0.0,0.0147,0.0,0.3289,0.0106,0.0051,0.0691,0.0,0.1025,0.0648,0.148,0.0106,0.0272,0.0329,0.0036,0.0115,0.1977,0.0561,0.2538
C3N-02768,0.0,0.0,0.0,0.0,0.0,0.0,0.0,0.0128,0.0,0.0,0.0,0.0,0.0091,0.028,0.0,0.0,0.0,0.0014,0.0014,0.0,0.5985,0.0,0.0,0.0643,0.1754,0.0,0.1569,0.0583,0.0,0.6042,0.0131,0.0,0.0057,0.0,0.001,0.0,0.0,0.0,0.0,0.0,0.0,0.0219,0.0016,0.0,0.0,0.0,0.0127,0.0,0.0,0.0146,0.0,0.2275,0.0,0.0286,0.177,0.0,0.0405,0.0478,0.0699,0.0,0.0,0.0,0.0,0.0,0.0097,0.0007,0.0104
C3N-02940,0.0087,0.0,0.0005,0.0205,0.0013,0.0,0.0888,0.0374,0.0,0.0482,0.0733,0.0109,0.001,0.0138,0.0,0.0,0.0033,0.018,0.0,0.0,0.5803,0.0,0.0,0.0528,0.1359,0.0,0.0881,0.024,0.0,0.4867,0.0215,0.0018,0.0148,0.0001,0.0017,0.0056,0.0007,0.0,0.0,0.0,0.0,0.0144,0.0034,0.0037,0.0,0.0,0.0079,0.0022,0.0,0.0524,0.0,0.166,0.0,0.0,0.1121,0.0,0.1291,0.0838,0.0975,0.0,0.0,0.0,0.0,0.0,0.0622,0.0044,0.0666
C3N-02944,0.0054,0.0,0.1405,0.0,0.0107,0.0,0.0412,0.042,0.0,0.0316,0.0337,0.0162,0.0014,0.0101,0.0,0.067,0.0531,0.0467,0.0,0.0,0.5636,0.0,0.1004,0.0433,0.0778,0.0,0.12,0.0302,0.0,0.2222,0.0441,0.0121,0.0223,0.0009,0.0006,0.0125,0.0394,0.0175,0.0214,0.0,0.0,0.0205,0.0041,0.0,0.0,0.0,0.0277,0.0,0.0,0.0551,0.0,0.2541,0.0126,0.0,0.1446,0.0314,0.1835,0.1291,0.4764,0.0,0.0,0.0081,0.0171,0.0122,0.1973,0.0529,0.2502
C3N-02971,0.0529,0.0075,0.1767,0.0168,0.0,0.0009,0.0407,0.022,0.0147,0.06,0.0573,0.0149,0.0026,0.0067,0.0,0.0461,0.0329,0.0242,0.0149,0.0,0.4701,0.0,0.0851,0.0658,0.1784,0.0,0.0615,0.0124,0.0,0.2963,0.0207,0.0,0.0181,0.0063,0.0026,0.0053,0.0663,0.0,0.0391,0.0016,0.0,0.0191,0.0018,0.0,0.0,0.0,0.0418,0.0,0.0,0.0356,0.0,0.3214,0.0069,0.0,0.0453,0.0046,0.0971,0.1072,0.1912,0.0054,0.0102,0.0217,0.0,0.0046,0.218,0.0764,0.2944
C3N-02998,0.247,0.0,0.2193,0.1079,0.0207,0.0077,0.0734,0.1276,0.027,0.2267,0.1911,0.1032,0.0201,0.0134,0.0,0.0,0.0604,0.0233,0.0414,0.0,0.3562,0.0,0.1756,0.0194,0.2028,0.0027,0.041,0.0295,0.0,0.0429,0.0143,0.0,0.0289,0.0101,0.0045,0.0089,0.0766,0.014,0.0129,0.0,0.0,0.0533,0.0013,0.0019,0.0,0.0025,0.0213,0.0,0.0203,0.0302,0.0024,0.219,0.0247,0.0,0.1719,0.0393,0.1495,0.2184,0.1065,0.0091,0.0268,0.0208,0.0081,0.0018,0.3528,0.232,0.5848
C3N-03000,0.0046,0.143,0.0,0.0,0.0,0.0,0.0,0.0,0.0001,0.0025,0.0,0.0,0.0105,0.0192,0.0,0.0059,0.0,0.009,0.0,0.0,0.4634,0.0,0.1286,0.0276,0.0532,0.0,0.1233,0.0383,0.0,0.3328,0.0146,0.0,0.0025,0.0091,0.0003,0.0051,0.0,0.0,0.0116,0.0017,0.0,0.007,0.0013,0.0,0.0261,0.1023,0.0065,0.0,0.0,0.0313,0.0,0.4018,0.0,0.0072,0.0696,0.0012,0.0118,0.0003,0.1899,0.0,0.0,0.0,0.0,0.0,0.0312,0.0666,0.0978
C3N-03006,0.0072,0.0,0.0,0.0326,0.0,0.0,0.0439,0.0237,0.0,0.0139,0.0074,0.0,0.003,0.0022,0.0,0.0312,0.0,0.0174,0.0,0.0,0.5205,0.0,0.1083,0.0608,0.1738,0.0058,0.0792,0.0104,0.0,0.4311,0.006,0.0,0.0019,0.0,0.002,0.0098,0.0,0.0,0.0,0.0,0.0,0.0069,0.0071,0.0,0.0,0.0,0.0108,0.0,0.0,0.042,0.0,0.1903,0.0,0.0,0.0823,0.0226,0.1009,0.1023,0.2431,0.0,0.0,0.0,0.0,0.0,0.0249,0.0578,0.0826
C3N-03007,0.0093,0.0677,0.0,0.0,0.0,0.0,0.0073,0.0044,0.0,0.0,0.0,0.0,0.0022,0.0087,0.0,0.0599,0.0027,0.0075,0.0,0.0,0.5848,0.0,0.1105,0.0427,0.1227,0.0,0.1128,0.0244,0.0,0.2848,0.0238,0.0,0.0115,0.0009,0.0008,0.0055,0.0,0.0,0.0111,0.0035,0.0,0.011,0.0029,0.0,0.0,0.1438,0.0088,0.0,0.0,0.0294,0.0,0.4179,0.0,0.0,0.0564,0.0,0.0363,0.0129,0.1513,0.0,0.0,0.0,0.005,0.0,0.0289,0.0599,0.0888
C3N-03039,0.0,0.0,0.0,0.0,0.0,0.0,0.0105,0.0,0.0,0.0,0.0,0.0,0.0,0.0222,0.0,0.0,0.0,0.0,0.0,0.0,0.6978,0.0,0.0,0.0514,0.0724,0.0,0.111,0.0102,0.0,0.6185,0.0082,0.0,0.0079,0.0,0.0017,0.0048,0.0,0.0085,0.0,0.0,0.0,0.0136,0.0028,0.0003,0.0,0.0,0.0051,0.0,0.0,0.0561,0.0,0.0884,0.0048,0.0,0.0371,0.0,0.0,0.0293,0.1752,0.0,0.0,0.0,0.0,0.0,0.0057,0.0,0.0057
C3N-03061,0.0,0.0324,0.004,0.0071,0.0,0.0,0.0146,0.0113,0.0,0.0041,0.002,0.0062,0.0,0.0113,0.0,0.0,0.0114,0.0219,0.0,0.0,0.5491,0.0,0.0,0.0571,0.0822,0.0,0.107,0.0018,0.0,0.6883,0.0319,0.0056,0.0075,0.0,0.0002,0.0068,0.0,0.0,0.0162,0.0,0.0,0.0151,0.0012,0.0015,0.0,0.0288,0.0154,0.0,0.0,0.0476,0.0,0.1778,0.0,0.0,0.1292,0.023,0.0772,0.014,0.3261,0.0,0.0,0.0,0.0199,0.0,0.0531,0.0,0.0531
C3N-03069,0.0047,0.1418,0.0,0.0007,0.0,0.0,0.0,0.0,0.0,0.0,0.0,0.0,0.0007,0.0156,0.0,0.0639,0.0,0.0105,0.0563,0.0,0.3986,0.0,0.1719,0.0056,0.1427,0.0,0.0595,0.0057,0.0,0.3045,0.0182,0.0,0.008,0.0,0.0016,0.0071,0.0,0.0,0.0208,0.0071,0.0,0.0,0.0037,0.0021,0.0199,0.1374,0.0015,0.0,0.0,0.0238,0.0,0.3964,0.0,0.0,0.0607,0.0,0.0046,0.0114,0.2675,0.0105,0.0174,0.0,0.0079,0.0,0.0344,0.1164,0.1508
C3N-03086,0.0069,0.0,0.0,0.0,0.0,0.0,0.0013,0.0014,0.0,0.0108,0.0137,0.0,0.0,0.0112,0.0,0.0244,0.0,0.0195,0.0,0.0,0.5392,0.0,0.095,0.0481,0.2004,0.0,0.1023,0.0138,0.0,0.6192,0.0009,0.0,0.0,0.0,0.0016,0.0071,0.0,0.0,0.0,0.0,0.0,0.0036,0.0089,0.0,0.0,0.0772,0.0064,0.0,0.0,0.0567,0.0,0.3059,0.0,0.0,0.0279,0.0048,0.0546,0.1896,0.3685,0.0,0.0,0.0,0.0,0.0,0.0208,0.051,0.0718
C3N-03173,0.0057,0.0,0.0,0.0,0.0,0.0,0.0,0.0109,0.0,0.01,0.0132,0.0,0.0018,0.0137,0.0,0.0427,0.0009,0.0014,0.0,0.0,0.5621,0.0,0.092,0.0388,0.1682,0.0028,0.0572,0.0045,0.0,0.4042,0.0077,0.0,0.0034,0.0,0.0016,0.0078,0.0,0.0,0.0,0.0,0.0,0.0057,0.0144,0.0,0.0,0.0019,0.0021,0.0,0.0,0.0325,0.0,0.2256,0.0,0.0,0.0571,0.0145,0.0553,0.0039,0.0798,0.0,0.0,0.0,0.0,0.0,0.0127,0.0488,0.0616
C3N-03190,0.0,0.0,0.0,0.0035,0.0,0.0,0.0294,0.0149,0.0,0.0072,0.0064,0.0,0.0056,0.0245,0.0,0.0,0.0,0.0,0.0,0.0,0.5877,0.0,0.0,0.0454,0.0993,0.0,0.0783,0.0095,0.0,0.53,0.0105,0.0,0.0112,0.0018,0.0011,0.0015,0.0,0.0,0.0,0.0,0.0,0.0214,0.0048,0.0,0.0,0.0,0.0121,0.0,0.0,0.0139,0.0,0.1367,0.0,0.0,0.076,0.0,0.0035,0.0254,0.0,0.0,0.0,0.0,0.0,0.0,0.013,0.0,0.013
C3N-03211,0.0042,0.0,0.0,0.0,0.0,0.0,0.0538,0.022,0.0,0.0394,0.0439,0.0098,0.0,0.0022,0.0,0.0306,0.0,0.0,0.0,0.0,0.5518,0.0,0.1037,0.0544,0.2838,0.0036,0.071,0.0028,0.0,0.478,0.0113,0.0,0.0096,0.0006,0.0034,0.0095,0.0,0.0094,0.0,0.0,0.0,0.0024,0.0102,0.0,0.0,0.0,0.0353,0.0,0.0,0.0299,0.0,0.2227,0.0,0.0,0.0413,0.0,0.0456,0.0642,0.0009,0.0032,0.0,0.0,0.0,0.0,0.0342,0.054,0.0882
C3N-03426,0.0,0.0,0.0495,0.1661,0.0,0.0,0.0,0.0592,0.0,0.0407,0.053,0.024,0.009,0.0499,0.0,0.0,0.0188,0.0027,0.0011,0.0,0.5018,0.0,0.0,0.0,0.0119,0.0,0.0675,0.0483,0.0,0.1715,0.0758,0.0303,0.0299,0.0025,0.0,0.0043,0.0133,0.0,0.0304,0.0,0.0,0.1643,0.0,0.0747,0.0,0.0224,0.0179,0.0,0.0,0.0333,0.0,0.0898,0.0314,0.0226,0.3615,0.0,0.0561,0.0022,0.1716,0.0,0.003,0.0,0.0688,0.0423,0.1842,0.0006,0.1848
C3N-03428,0.0032,0.0,0.9154,0.0883,0.0908,0.0429,0.0,0.229,0.1862,0.2378,0.2021,0.0858,0.0282,0.0182,0.0,0.0,0.1903,0.094,0.0135,0.0,0.4067,0.0,0.0697,0.0606,0.0994,0.0,0.0691,0.0013,0.0,0.231,0.0323,0.0055,0.0112,0.016,0.0079,0.0065,0.3196,0.0,0.0,0.0,0.0,0.0487,0.003,0.0,0.0,0.0322,0.0475,0.0012,0.0,0.0472,0.0,0.1622,0.0508,0.0,0.1876,0.0678,0.2358,0.5447,0.5059,0.0024,0.0095,0.1417,0.0294,0.1182,0.9242,0.0432,0.9674
C3N-03430,0.005,0.1123,0.0117,0.0,0.0,0.0,0.0,0.0132,0.0,0.0063,0.0049,0.0099,0.0051,0.0278,0.0,0.0058,0.0008,0.0223,0.0187,0.0,0.5361,0.0,0.0,0.0871,0.0464,0.0,0.1505,0.0313,0.0,0.2495,0.0489,0.0091,0.0206,0.0042,0.0025,0.0055,0.0,0.0,0.0411,0.0,0.0,0.0105,0.0002,0.0011,0.0,0.0657,0.006,0.0008,0.0,0.0441,0.0,0.3466,0.0154,0.0,0.1625,0.0,0.043,0.0477,0.4046,0.0038,0.0068,0.0,0.0168,0.0016,0.0904,0.0119,0.1022
C3N-03439,0.0083,0.0,0.0856,0.0,0.0115,0.0,0.0593,0.0442,0.0141,0.0495,0.0605,0.0216,0.0047,0.0037,0.0,0.0304,0.0261,0.0094,0.0236,0.006,0.5221,0.0,0.004,0.056,0.1496,0.0,0.0634,0.0231,0.0,0.2718,0.0664,0.0055,0.0799,0.0091,0.0055,0.0087,0.0338,0.0,0.0084,0.0,0.0,0.005,0.0036,0.0006,0.0,0.0417,0.0149,0.0062,0.0,0.0436,0.0,0.3193,0.0036,0.0,0.1131,0.0,0.0467,0.1232,0.2431,0.0069,0.0124,0.0044,0.0255,0.0,0.1643,0.018,0.1823
C3N-03440,0.0078,0.0,0.0,0.0,0.0,0.0,0.0281,0.0055,0.0,0.0044,0.0,0.0,0.0016,0.0073,0.0,0.0,0.0,0.0115,0.0,0.0029,0.4487,0.0,0.0167,0.101,0.2204,0.0,0.0475,0.0215,0.0,0.7083,0.0348,0.0,0.0443,0.0016,0.0016,0.0089,0.0,0.0,0.0149,0.0,0.0,0.0127,0.0048,0.0044,0.0,0.0,0.0048,0.0,0.0,0.0279,0.0,0.2109,0.0,0.0,0.0496,0.0,0.0422,0.1595,0.1248,0.0,0.0,0.0,0.0,0.0,0.0497,0.0122,0.0619
C3N-03665,0.0041,0.0,0.0234,0.0,0.0,0.0,0.0584,0.0185,0.0,0.0292,0.0362,0.0071,0.0,0.0048,0.0,0.0,0.0251,0.0098,0.0,0.0,0.6088,0.0,0.0,0.0608,0.1331,0.0,0.0852,0.0,0.0,0.5034,0.0178,0.0,0.0238,0.0074,0.0008,0.0052,0.0066,0.0,0.0087,0.0,0.0,0.0264,0.0044,0.0037,0.0,0.0,0.0071,0.0,0.0,0.041,0.0,0.1861,0.0,0.0,0.0513,0.0,0.0331,0.1268,0.2494,0.0,0.0,0.0,0.0022,0.0,0.0667,0.002,0.0687
C3N-03666,0.0095,0.0081,0.0,0.0,0.0,0.0,0.039,0.0108,0.0005,0.0,0.0121,0.0,0.0017,0.0106,0.0,0.0448,0.0,0.0,0.0,0.0,0.5509,0.0,0.0436,0.0265,0.1059,0.0,0.0633,0.0095,0.0,0.3145,0.0512,0.0084,0.0382,0.0,0.001,0.0095,0.0,0.0,0.0098,0.0,0.0,0.004,0.0047,0.0,0.0,0.0529,0.0084,0.0,0.0,0.0355,0.0,0.3123,0.0049,0.0,0.0254,0.0098,0.0078,0.0,0.0573,0.0,0.0,0.0,0.0106,0.0,0.0407,0.0266,0.0672
C3N-03670,0.0417,0.0,0.0638,0.0,0.0231,0.0016,0.057,0.0417,0.0527,0.0654,0.0619,0.0108,0.0039,0.0016,0.0,0.0402,0.009,0.0395,0.0,0.0,0.4246,0.0,0.0448,0.0596,0.2513,0.0,0.0422,0.0,0.0,0.5617,0.0233,0.0,0.0255,0.0007,0.0026,0.0112,0.0247,0.0,0.0036,0.0,0.0,0.0267,0.0108,0.0,0.0,0.0,0.012,0.0004,0.0,0.0178,0.0,0.1996,0.0,0.0,0.0361,0.0091,0.178,0.1634,0.2695,0.0,0.0,0.0102,0.0,0.0,0.1463,0.0432,0.1895
C3N-03754,0.0,0.0591,0.0,0.0,0.0,0.0,0.0,0.0,0.0,0.0,0.0,0.0,0.0,0.0059,0.0,0.0,0.0,0.0,0.0,0.0,0.5743,0.0,0.0,0.0443,0.1487,0.0,0.0572,0.0094,0.0,0.5951,0.0035,0.0,0.0023,0.0,0.0003,0.0,0.0,0.0281,0.0,0.0,0.0,0.0068,0.0013,0.0,0.0,0.0,0.0087,0.0,0.0,0.0321,0.0,0.1766,0.0,0.0046,0.0603,0.0,0.0,0.0,0.0288,0.0,0.0,0.0,0.0,0.0,0.0023,0.0,0.0023
C3N-03780,0.0071,0.0,0.0,0.0,0.0,0.0,0.0204,0.0036,0.0,0.0044,0.0,0.0,0.0,0.0087,0.0,0.0,0.0,0.0193,0.0,0.0,0.5753,0.0,0.0057,0.0382,0.2059,0.0,0.0947,0.0075,0.0,0.6115,0.0099,0.0,0.0063,0.0,0.004,0.0079,0.0,0.0006,0.004,0.0,0.0,0.007,0.0134,0.0,0.0,0.0214,0.0042,0.0,0.0,0.0426,0.0,0.1986,0.0,0.0,0.0267,0.0,0.0969,0.2079,0.1858,0.0,0.0,0.0,0.0,0.0,0.0251,0.0064,0.0315
C3N-03839,0.0049,0.0,0.0,0.0004,0.0033,0.0,0.0274,0.0261,0.0,0.0243,0.0304,0.0065,0.0,0.0461,0.0,0.0119,0.0,0.0353,0.0,0.0,0.5775,0.0,0.0139,0.0214,0.0849,0.0,0.0662,0.0583,0.0,0.242,0.0101,0.0,0.0025,0.0044,0.0035,0.0031,0.0,0.0,0.0,0.0,0.0,0.0136,0.003,0.0,0.0,0.1231,0.0129,0.0,0.0,0.03,0.0,0.3078,0.007,0.0,0.1429,0.0014,0.0371,0.0784,0.4634,0.0,0.0,0.0,0.0069,0.0,0.0516,0.0094,0.061
C3N-03840,0.0025,0.0,0.0,0.0117,0.0,0.0,0.032,0.0094,0.0,0.0115,0.0121,0.0022,0.0,0.0095,0.0,0.0,0.0037,0.0035,0.0,0.0,0.5689,0.0,0.0,0.0579,0.1779,0.0,0.0908,0.0137,0.0,0.6596,0.0148,0.0,0.0093,0.0003,0.0011,0.0063,0.0,0.0,0.0,0.0,0.0,0.0129,0.0062,0.0,0.0,0.0,0.0253,0.0,0.0,0.0376,0.0,0.1817,0.008,0.0,0.0458,0.0052,0.092,0.0197,0.0493,0.0,0.0,0.0,0.0024,0.0,0.0201,0.0012,0.0213
C3N-03853,0.0,0.0,0.0,0.0059,0.0,0.0087,0.0024,0.007,0.0008,0.0006,0.0,0.0,0.0004,0.0066,0.0,0.0,0.0,0.0,0.0,0.0,0.5485,0.0,0.0,0.0368,0.1132,0.0,0.1142,0.0188,0.0,0.6164,0.0082,0.0,0.0055,0.0,0.0,0.0079,0.0,0.0,0.0,0.0,0.0,0.0146,0.0068,0.0,0.0,0.0766,0.0091,0.0,0.0,0.0317,0.0,0.1458,0.003,0.0101,0.0241,0.0122,0.0473,0.005,0.0,0.0,0.0,0.0,0.0,0.0,0.0059,0.0,0.0059
C3N-03884,0.0,0.0,0.0165,0.0498,0.0,0.0,0.0059,0.0056,0.0,0.0,0.0,0.0,0.0,0.0205,0.0,0.0,0.0136,0.0313,0.0,0.0,0.5748,0.0,0.0,0.0245,0.0598,0.0,0.1342,0.0192,0.0,0.6988,0.0551,0.0135,0.0241,0.0004,0.0,0.002,0.0,0.0,0.0504,0.0,0.0,0.0244,0.0004,0.0102,0.0,0.0,0.0064,0.0,0.0,0.0609,0.0,0.1171,0.0121,0.0255,0.1081,0.0233,0.0567,0.0742,0.6385,0.0,0.0,0.0,0.0178,0.0017,0.1093,0.0,0.1093
C3N-04119,0.0098,0.0901,0.0,0.0,0.0,0.0,0.0,0.0,0.0,0.0,0.0,0.0,0.0029,0.019,0.0,0.0839,0.0041,0.0129,0.0,0.0,0.532,0.0,0.168,0.0159,0.1035,0.0,0.16,0.0295,0.0,0.2693,0.0124,0.0,0.0032,0.0,0.0001,0.0098,0.0,0.006,0.0003,0.0052,0.0,0.0068,0.0071,0.0,0.0125,0.0744,0.0017,0.0,0.0,0.0576,0.0,0.395,0.0002,0.0008,0.0244,0.0023,0.0187,0.0394,0.1933,0.0,0.0,0.0,0.0,0.0,0.0171,0.0889,0.106
C3N-04126,0.0,0.0,0.0294,0.0075,0.0,0.0019,0.0099,0.0172,0.0,0.0337,0.0422,0.006,0.001,0.009,0.0,0.0,0.0179,0.0003,0.0,0.0,0.5755,0.0,0.0,0.0476,0.1379,0.0,0.1464,0.0,0.0,0.5918,0.0203,0.0099,0.0104,0.0093,0.001,0.0088,0.0142,0.0,0.0,0.0,0.0,0.0083,0.0099,0.0,0.0,0.0,0.0213,0.0,0.0,0.0379,0.0,0.2316,0.0,0.0,0.0904,0.0132,0.1425,0.0096,0.0,0.0,0.0,0.0,0.0203,0.0,0.062,0.0,0.062
C3N-04282,0.0078,0.0274,0.0,0.0,0.0,0.0,0.0,0.0,0.0,0.0,0.0,0.0,0.0,0.034,0.0,0.0299,0.0059,0.0,0.0,0.0,0.5417,0.0,0.0653,0.0399,0.104,0.0,0.0652,0.0358,0.0,0.3597,0.023,0.0006,0.0081,0.0,0.0005,0.001,0.0,0.0,0.0,0.0039,0.0,0.0461,0.0052,0.0,0.0493,0.0523,0.0031,0.0,0.0,0.0136,0.0,0.3917,0.0,0.0274,0.0152,0.0,0.0,0.0596,0.0,0.0,0.0,0.0,0.0,0.0,0.0153,0.0366,0.0519
C3N-04283,0.0,0.0,0.0,0.0168,0.0,0.0,0.0,0.0064,0.0,0.0,0.0,0.0,0.0017,0.0361,0.0,0.0,0.0,0.0,0.0,0.0,0.6385,0.0004,0.0,0.0191,0.0335,0.0,0.298,0.0496,0.0,0.4914,0.0037,0.0,0.0,0.0,0.0,0.0029,0.0,0.0,0.0012,0.0,0.0,0.0208,0.0032,0.0016,0.0,0.0,0.0027,0.0,0.0,0.1074,0.0,0.2652,0.0072,0.0302,0.1194,0.0,0.0073,0.0155,0.1084,0.0,0.0,0.0,0.0,0.001,0.0043,0.0,0.0043
C3N-04284,0.0033,0.0,0.0,0.0381,0.0,0.0,0.0,0.0,0.0,0.0,0.0,0.0,0.0008,0.0054,0.0,0.0,0.0,0.0,0.0,0.0,0.3105,0.0,0.0311,0.0661,0.18,0.0,0.0184,0.0103,0.0,0.3552,0.0018,0.0011,0.0055,0.008,0.0,0.0013,0.0,0.0,0.0,0.0045,0.0,0.0,0.0071,0.0,0.0,0.0,0.0351,0.0,0.0,0.0132,0.0,0.2482,0.0,0.0099,0.0075,0.0,0.0,0.0273,0.1473,0.0,0.0,0.0,0.0,0.0,0.0065,0.0172,0.0237
C3L-00017.N,0.0376,0.0,0.0,0.0423,0.0,0.0,0.0001,0.0,0.0,0.0,0.0,0.0,0.0,0.0,0.0,0.0279,0.0,0.0,0.0,0.0,0.4388,0.0,0.1617,0.0,0.0599,0.0318,0.0471,0.0172,0.0,0.0,0.0,0.0051,0.0,0.0,0.0004,0.0,0.0,0.0059,0.0,0.0128,0.0,0.116,0.0041,0.0258,0.055,0.0262,0.0366,0.0,0.0734,0.0035,0.0,0.1289,0.0,0.0,0.0454,0.0,0.0,0.0,0.0447,0.0,0.0121,0.0,0.0548,0.0,0.0172,0.0996,0.1168
C3L-00102.N,0.0839,0.0,0.0,0.0741,0.0,0.0,0.0513,0.0,0.0,0.0069,0.0,0.0,0.0005,0.0,0.0,0.0,0.0066,0.0048,0.0092,0.0,0.4964,0.0,0.0,0.0066,0.1626,0.0083,0.0383,0.0145,0.0,0.5526,0.0137,0.0,0.0352,0.0,0.0022,0.004,0.0,0.0,0.0264,0.0,0.0,0.01,0.011,0.0068,0.0,0.0,0.004,0.0,0.0,0.0182,0.0,0.0613,0.0,0.0,0.0088,0.0,0.044,0.1251,0.094,0.0044,0.016,0.0,0.0,0.0,0.0391,0.0466,0.0856
C3L-00589.N,0.0268,0.0,0.0333,0.1308,0.0,0.0181,0.0673,0.0,0.0,0.0,0.0,0.0,0.0127,0.0004,0.0183,0.0,0.0091,0.0076,0.0,0.0029,0.4309,0.0,0.0,0.0126,0.0146,0.0366,0.0467,0.0798,0.0,0.0258,0.0,0.0145,0.0077,0.0119,0.0,0.0012,0.0138,0.0001,0.0,0.0022,0.0,0.0331,0.0004,0.0,0.0222,0.0,0.1034,0.0,0.0247,0.0147,0.0,0.0077,0.0,0.003,0.0762,0.0,0.0,0.0359,0.3154,0.0,0.0068,0.0,0.1393,0.0105,0.0371,0.0134,0.0505
C3L-00622.N,0.0,0.0,0.0,0.0487,0.0,0.0242,0.0427,0.0,0.0,0.019,0.0031,0.0,0.0032,0.0,0.0,0.0,0.0022,0.0,0.0,0.003,0.4037,0.0,0.0,0.0269,0.1336,0.0098,0.0257,0.0181,0.0,0.5949,0.0308,0.0052,0.0351,0.0108,0.0005,0.0014,0.0,0.0,0.0,0.0,0.0,0.0031,0.0067,0.0,0.0,0.0,0.0196,0.0,0.0,0.014,0.0,0.0479,0.0,0.0009,0.0033,0.0017,0.0137,0.0315,0.0692,0.0,0.0,0.0,0.0,0.0,0.0424,0.0,0.0424
C3L-00640.N,0.0139,0.0,0.2243,0.1153,0.0012,0.0,0.0647,0.0511,0.0678,0.1136,0.0609,0.0148,0.0115,0.0,0.0,0.0784,0.105,0.0494,0.0535,0.0,0.1938,0.0,0.2588,0.0809,0.29,0.0072,0.0073,0.0395,0.0,0.1773,0.0165,0.0,0.0117,0.0189,0.0075,0.014,0.0891,0.012,0.0609,0.0,0.0,0.0545,0.0328,0.0,0.0,0.0371,0.0074,0.0,0.0,0.014,0.0008,0.261,0.0,0.0,0.046,0.0,0.1813,0.5214,0.3039,0.0195,0.0472,0.0249,0.0434,0.0066,0.3232,0.1631,0.4863
C3L-00819.N,0.1327,0.0,0.0,0.0341,0.0,0.0,0.0133,0.0,0.0,0.0146,0.0,0.0,0.001,0.0035,0.0,0.0417,0.0053,0.0,0.022,0.0,0.2735,0.0,0.0641,0.0289,0.249,0.0092,0.0206,0.0171,0.0,0.6016,0.0103,0.0,0.0437,0.0,0.0049,0.0116,0.0,0.0039,0.0173,0.0,0.0,0.0177,0.0266,0.0017,0.0,0.0026,0.003,0.0,0.0,0.0139,0.0,0.1612,0.0,0.002,0.0045,0.0,0.0444,0.0565,0.0,0.0043,0.0134,0.0,0.0,0.0,0.0293,0.1094,0.1387
C3L-01328.N,0.0052,0.0,0.0,0.0763,0.0,0.0,0.0616,0.0,0.0079,0.0246,0.0,0.0,0.0025,0.0,0.0,0.0048,0.0178,0.0,0.0151,0.0052,0.4105,0.0,0.1387,0.0263,0.1867,0.0029,0.0438,0.0182,0.0,0.8389,0.0559,0.008,0.0604,0.0054,0.0046,0.0152,0.0,0.0,0.0206,0.0,0.0,0.0801,0.0102,0.0,0.0,0.1372,0.0175,0.0,0.0,0.0251,0.0,0.0,0.0,0.0106,0.0005,0.0,0.0864,0.0526,0.0019,0.0047,0.0224,0.0,0.0,0.0,0.0745,0.0795,0.154
C3L-01453.N,0.0017,0.0,1.034,0.3836,0.0,0.0,0.0,0.0065,0.1611,0.2365,0.1335,0.0704,0.0129,0.0,0.0,0.0022,0.2689,0.0088,0.1483,0.0,0.0,0.0,0.0,0.0157,0.4897,0.0,0.0,0.0191,0.0,0.1537,0.008,0.0,0.0374,0.0268,0.0,0.0142,0.337,0.0,0.2033,0.0016,0.0,0.052,0.0012,0.0913,0.0,0.0,0.0154,0.0,0.0,0.0,0.0,0.0,0.0119,0.0164,0.0456,0.0,0.0702,0.4248,0.224,0.1127,0.1437,0.2125,0.0623,0.1091,1.0725,0.075,1.1475
C3L-01637.N,0.0116,0.0,0.0355,0.0867,0.0,0.0208,0.0346,0.0,0.0006,0.0081,0.0,0.0,0.0027,0.0,0.0,0.0,0.0237,0.0025,0.0032,0.0,0.2709,0.0,0.0017,0.0299,0.1843,0.0105,0.0058,0.0008,0.0,0.6318,0.0256,0.0,0.0388,0.0072,0.0001,0.0044,0.01,0.0,0.0,0.0,0.0,0.0062,0.0092,0.0004,0.0,0.0221,0.0322,0.0,0.0,0.0092,0.0,0.0725,0.0,0.0,0.0,0.0,0.0877,0.1064,0.0,0.0005,0.0062,0.0,0.0,0.0,0.0529,0.0082,0.0611
C3L-01689.N,0.0218,0.0,0.0445,0.1136,0.0,0.0619,0.0585,0.0,0.0,0.0,0.0,0.0,0.0003,0.0,0.0,0.0,0.015,0.0016,0.0,0.0,0.4526,0.0,0.0397,0.0,0.0113,0.0367,0.0367,0.0202,0.0,0.0393,0.0,0.0143,0.0059,0.0042,0.0,0.0007,0.0236,0.0119,0.0,0.0019,0.0,0.0921,0.0008,0.0,0.0338,0.0443,0.0954,0.0,0.0458,0.0095,0.0,0.0,0.0,0.0075,0.033,0.0,0.0,0.0133,0.2418,0.0,0.0176,0.0,0.1093,0.0054,0.0335,0.0308,0.0643
C3L-01703.N,0.1876,0.0,0.0,0.0625,0.0,0.0,0.0171,0.0016,0.0197,0.1489,0.0738,0.0215,0.0096,0.0,0.0084,0.1305,0.0522,0.0282,0.1247,0.0,0.0105,0.0,0.5024,0.0373,0.5323,0.0044,0.0,0.0888,0.0,0.0492,0.0048,0.0,0.0386,0.025,0.0071,0.0162,0.0,0.0152,0.0,0.0305,0.0,0.0475,0.0417,0.0009,0.0,0.08,0.0153,0.0,0.2247,0.0,0.0001,0.3671,0.0,0.0,0.0767,0.0,0.0,0.3627,0.5331,0.0431,0.0802,0.0,0.0,0.0,0.1385,0.4074,0.5459
C3L-02112.N,0.0413,0.0,0.1618,0.0177,0.0,0.0133,0.0345,0.0,0.0,0.0248,0.0063,0.0162,0.0298,0.0,0.0024,0.0039,0.0222,0.014,0.0154,0.0,0.3687,0.0,0.1945,0.0119,0.0928,0.0315,0.0401,0.0416,0.0,0.0578,0.0,0.0107,0.0062,0.0005,0.0013,0.0017,0.1047,0.0,0.0,0.0152,0.0,0.0833,0.0025,0.0,0.055,0.0807,0.1021,0.0017,0.0386,0.0085,0.0,0.1246,0.0,0.0022,0.099,0.0,0.0,0.074,0.4927,0.0,0.0253,0.0054,0.1296,0.0342,0.1341,0.1256,0.2597
C3L-02463.N,0.0248,0.0,0.0,0.0727,0.0,0.0187,0.0295,0.0,0.0,0.0,0.0,0.0,0.017,0.0013,0.0016,0.0,0.0,0.0,0.0,0.0,0.4796,0.0,0.0444,0.0,0.0336,0.0358,0.0597,0.0613,0.0,0.069,0.0,0.0119,0.0041,0.0011,0.0,0.0012,0.0033,0.0,0.0,0.0086,0.0,0.0488,0.0016,0.0133,0.0594,0.0123,0.0641,0.0,0.0248,0.0118,0.0004,0.0516,0.0,0.0199,0.0933,0.0,0.0,0.0215,0.1679,0.0,0.0122,0.0,0.1091,0.0064,0.0096,0.0346,0.0442
C3L-02606.N,0.0134,0.0,0.0,0.0684,0.0,0.0243,0.0212,0.0,0.0,0.0,0.0,0.0,0.0,0.0,0.0,0.0055,0.0,0.0,0.0033,0.004,0.301,0.0,0.0391,0.031,0.2148,0.0108,0.0118,0.0175,0.0,0.7348,0.0214,0.0,0.0317,0.0054,0.0027,0.0042,0.0,0.0,0.0014,0.0,0.0,0.0047,0.0085,0.0044,0.0,0.0543,0.0066,0.0,0.0,0.0122,0.0,0.0642,0.0,0.0004,0.0,0.0,0.0555,0.038,0.0,0.0057,0.0051,0.0,0.0,0.0,0.0244,0.0279,0.0523
C3L-02610.N,0.1597,0.0,0.0,0.1265,0.0,0.0034,0.0,0.0,0.0,0.0,0.0,0.0,0.0,0.0,0.0,0.0,0.0,0.0,0.0058,0.0,0.3287,0.0,0.0702,0.0577,0.252,0.0155,0.0133,0.0557,0.0,0.4195,0.0,0.0,0.0179,0.0172,0.0038,0.0034,0.0,0.0,0.0018,0.0,0.0,0.0099,0.0065,0.0081,0.0,0.0,0.0148,0.0,0.0,0.0118,0.0,0.1302,0.0,0.0,0.0,0.0,0.0003,0.1608,0.0092,0.0,0.0123,0.0,0.0,0.0,0.0181,0.1178,0.1359
C3L-02613.N,0.0278,0.0,0.0092,0.0781,0.0,0.0,0.078,0.0,0.0,0.0299,0.0108,0.0054,0.0189,0.0016,0.0021,0.0,0.0027,0.0035,0.0,0.0015,0.4308,0.0001,0.0257,0.0037,0.0335,0.0336,0.0422,0.0515,0.0,0.0167,0.0,0.0147,0.0061,0.0033,0.0,0.0007,0.005,0.0,0.0,0.0005,0.0,0.0686,0.0007,0.0,0.0518,0.0344,0.0874,0.0015,0.0216,0.0092,0.0,0.0154,0.0,0.012,0.0675,0.0,0.0,0.0102,0.2349,0.0,0.0105,0.0,0.1261,0.0078,0.0316,0.0268,0.0584
C3L-02809.N,0.2783,0.0,0.0,0.0,0.0,0.0,0.0,0.0082,0.0,0.0444,0.0396,0.0224,0.0031,0.0053,0.0,0.161,0.0,0.0007,0.182,0.0,0.018,0.0,0.4754,0.0734,0.6834,0.0026,0.0,0.0403,0.0,0.0727,0.0,0.0,0.0255,0.0192,0.0106,0.0167,0.0,0.0183,0.0,0.0121,0.0,0.0609,0.021,0.0,0.0,0.1428,0.0,0.0,0.1075,0.0,0.0095,0.3938,0.0,0.0,0.0672,0.0,0.0,0.1501,0.1114,0.1141,0.0993,0.0,0.0,0.0,0.0429,0.4678,0.5107
C3L-02899.N,0.0098,0.0089,0.0055,0.0656,0.0008,0.0,0.0564,0.0448,0.0156,0.0847,0.086,0.0,0.0003,0.0,0.0,0.0704,0.0011,0.047,0.0208,0.0,0.0812,0.0,0.3085,0.0601,0.3568,0.0019,0.002,0.0028,0.0,0.4897,0.054,0.0,0.0579,0.0232,0.0047,0.0185,0.0,0.0058,0.0034,0.0,0.0,0.0306,0.0201,0.0,0.0,0.0527,0.0191,0.0,0.0,0.0031,0.0074,0.3025,0.0,0.0,0.0738,0.0462,0.161,0.3349,0.2452,0.0024,0.0,0.0,0.0,0.0,0.1457,0.1696,0.3153
C3L-03123.N,0.0007,0.0,0.0,0.082,0.0,0.0032,0.0,0.0,0.0,0.0,0.0,0.0,0.0,0.0039,0.0,0.0,0.0,0.0,0.0,0.0,0.2128,0.0,0.0,0.0408,0.1838,0.0,0.0052,0.0309,0.0,0.3026,0.0,0.0,0.0,0.0141,0.0,0.0017,0.0,0.0,0.0,0.0124,0.0,0.0,0.0069,0.0,0.0051,0.0,0.0408,0.0,0.0,0.0055,0.0,0.2126,0.0,0.0018,0.0,0.0,0.0,0.0,0.0,0.0,0.0,0.0,0.0,0.0,0.0094,0.0004,0.0098
C3L-03743.N,0.0,0.0,0.0101,0.0425,0.0,0.0,0.0,0.0016,0.0,0.0099,0.0125,0.0,0.0169,0.0177,0.0,0.0,0.0,0.0026,0.0,0.0,0.4816,0.0,0.0,0.0465,0.0426,0.0219,0.0662,0.0533,0.0,0.0,0.0,0.0064,0.0048,0.0,0.0,0.0,0.0044,0.0,0.0,0.0055,0.0,0.0106,0.0036,0.0026,0.0768,0.0,0.1089,0.0,0.0012,0.0217,0.0,0.2252,0.0,0.0,0.1063,0.0,0.0,0.0105,0.1554,0.0,0.0,0.0,0.1153,0.0069,0.0168,0.0,0.0168
C3L-04027.N,0.0,0.0,1.4004,0.1289,0.2812,0.2117,0.0,0.4699,0.4298,0.296,0.2475,0.0463,0.0601,0.0218,0.0,0.0,0.4247,0.0777,0.0392,0.0,0.0,0.0,0.0,0.0796,0.1339,0.0,0.0,0.0,0.0,0.0852,0.0099,0.0,0.0024,0.0542,0.003,0.007,0.472,0.0,0.0,0.0107,0.0,0.0995,0.0029,0.0,0.0,0.0,0.0156,0.0064,0.005,0.0,0.0,0.0,0.0719,0.0,0.1186,0.1801,0.2768,0.3699,0.661,0.0283,0.067,0.2133,0.1527,0.2221,1.4129,0.0196,1.4325
C3L-04072.N,0.0,0.0,0.003,0.0966,0.0,0.0007,0.0292,0.0156,0.0,0.0193,0.0042,0.0,0.0071,0.0079,0.0,0.0,0.0,0.0,0.0,0.0,0.2719,0.0,0.0,0.036,0.1171,0.0,0.0083,0.0109,0.0,0.5141,0.05,0.0033,0.0411,0.0045,0.0006,0.0029,0.0,0.0,0.0186,0.0,0.0,0.0158,0.0064,0.0058,0.0,0.0,0.015,0.0,0.0,0.0108,0.0,0.1092,0.0,0.0,0.03,0.0176,0.072,0.0349,0.0,0.0,0.0,0.0,0.0022,0.0,0.0675,0.0,0.0675
C3L-04080.N,0.0003,0.0,0.0335,0.0867,0.0,0.0022,0.048,0.007,0.0,0.0131,0.0101,0.0,0.0115,0.0067,0.0041,0.0,0.0091,0.0057,0.0,0.0082,0.4105,0.0008,0.0,0.0344,0.0137,0.0311,0.0491,0.0579,0.0,0.0,0.0,0.0154,0.0058,0.0157,0.0,0.0,0.0094,0.0,0.0,0.0046,0.0,0.0373,0.0004,0.0007,0.0144,0.0,0.1047,0.0026,0.0696,0.0102,0.0,0.0247,0.02,0.0,0.1093,0.0,0.0,0.0457,0.2545,0.0,0.0,0.0,0.1083,0.0142,0.0513,0.0001,0.0514
C3L-04475.N,0.0077,0.0,0.0371,0.0525,0.0,0.0,0.0201,0.0151,0.0,0.0113,0.0122,0.0,0.0263,0.0249,0.0,0.0,0.009,0.0079,0.0,0.0,0.4193,0.001,0.0,0.0559,0.0372,0.021,0.0628,0.067,0.0,0.0,0.0,0.0107,0.0032,0.0037,0.0,0.0,0.0116,0.0,0.0,0.0036,0.0,0.0469,0.0012,0.0,0.054,0.0,0.1455,0.0,0.0165,0.015,0.0,0.1335,0.0098,0.0006,0.2396,0.0,0.0,0.0301,0.3753,0.0,0.0,0.0,0.0963,0.0197,0.04,0.0038,0.0438
C3N-00198.N,0.3871,0.0,0.0,0.2033,0.0,0.0272,0.0,0.0,0.0137,0.0158,0.0,0.0,0.0019,0.0,0.0,0.1259,0.0,0.0,0.3458,0.0,0.0079,0.0,0.4057,0.0,0.6845,0.0042,0.0,0.0436,0.0,0.0,0.0,0.0,0.0147,0.0019,0.0334,0.0097,0.0,0.0569,0.0144,0.0388,0.0,0.2108,0.0064,0.0313,0.0,0.1123,0.0,0.0,0.2871,0.0,0.0166,0.1246,0.0,0.0,0.0071,0.0,0.015,0.0552,0.1072,0.2917,0.2259,0.0,0.0,0.0,0.0423,0.5693,0.6116
C3N-00436.N,0.0509,0.0,0.0,0.0842,0.0,0.0,0.0926,0.0,0.0,0.0661,0.0406,0.0468,0.0073,0.0,0.0,0.0151,0.0017,0.0248,0.0216,0.0,0.3282,0.0,0.1191,0.0367,0.2165,0.0059,0.0192,0.0506,0.0,0.7149,0.0316,0.0033,0.0489,0.0051,0.006,0.009,0.0041,0.0,0.0199,0.0,0.0,0.0346,0.0066,0.0,0.0,0.1,0.0133,0.0,0.0,0.0134,0.0,0.0,0.0,0.009,0.0451,0.0,0.1765,0.1459,0.1533,0.0011,0.0358,0.0,0.0,0.0,0.0983,0.0958,0.1941
C3N-00517.N,0.0034,0.0,0.0,0.0207,0.0,0.0095,0.0491,0.0,0.0005,0.0277,0.0087,0.0091,0.005,0.0,0.0,0.0,0.0,0.003,0.0,0.0061,0.4418,0.0,0.0,0.0789,0.1494,0.0075,0.0273,0.0105,0.0,0.602,0.0137,0.0023,0.0147,0.0055,0.0002,0.0016,0.0,0.0,0.0,0.0,0.0,0.0068,0.0062,0.0,0.0,0.0143,0.0166,0.0,0.0,0.0157,0.0,0.103,0.0,0.0031,0.0117,0.0,0.0766,0.0725,0.0066,0.0,0.0,0.0,0.0,0.0,0.0373,0.0017,0.039
C3N-00518.N,0.0544,0.0,0.0,0.0112,0.0,0.0,0.0592,0.0,0.0,0.1165,0.0396,0.0423,0.0062,0.0,0.0,0.099,0.0413,0.0798,0.0744,0.0019,0.2591,0.0,0.3654,0.0503,0.2443,0.0028,0.0239,0.0577,0.0,0.2253,0.0059,0.0,0.0334,0.008,0.0105,0.0157,0.0,0.0106,0.0064,0.0,0.0,0.0418,0.0406,0.0006,0.0,0.1742,0.0,0.0,0.0,0.0091,0.0,0.2954,0.0,0.005,0.0392,0.0,0.1324,0.4802,0.7754,0.0169,0.0523,0.0,0.0,0.0,0.1461,0.2471,0.3932
C3N-01011.N,0.0779,0.0,0.0,0.0514,0.0,0.0075,0.0274,0.0,0.0,0.0256,0.0,0.0,0.0066,0.0,0.0,0.0058,0.0,0.0022,0.0273,0.0,0.3823,0.0,0.151,0.0443,0.2632,0.0226,0.0175,0.0354,0.0,0.4636,0.0006,0.0,0.0162,0.0045,0.0102,0.0054,0.0,0.0046,0.0,0.0017,0.0,0.0053,0.0136,0.0016,0.0,0.021,0.0067,0.0,0.0,0.0136,0.0,0.0753,0.0,0.0007,0.0011,0.0,0.03,0.1866,0.038,0.0076,0.0287,0.0,0.0,0.0,0.023,0.1281,0.1511
C3N-01719.N,0.006,0.0064,0.1475,0.0443,0.0157,0.0,0.0688,0.0646,0.0094,0.076,0.0902,0.0122,0.0048,0.0018,0.0,0.0741,0.0389,0.0377,0.0231,0.0,0.3073,0.0,0.184,0.0571,0.2337,0.003,0.0331,0.0075,0.0,0.2817,0.0621,0.0028,0.0547,0.0173,0.003,0.02,0.0264,0.0044,0.0701,0.0,0.0,0.0127,0.0183,0.0201,0.0,0.0682,0.0615,0.0,0.0585,0.0148,0.0056,0.2797,0.0008,0.0,0.1015,0.0375,0.1861,0.1567,0.3007,0.0077,0.0107,0.0007,0.0062,0.0,0.2977,0.1066,0.4042
C3N-01998.N,0.0513,0.0,0.4786,0.0281,0.0,0.0,0.0117,0.0191,0.0677,0.1572,0.0927,0.0796,0.0151,0.0,0.0003,0.0323,0.1218,0.0479,0.0614,0.0014,0.1699,0.0,0.2873,0.0839,0.3761,0.0039,0.008,0.0372,0.0,0.5286,0.0156,0.0,0.0256,0.0224,0.0089,0.0107,0.2257,0.0022,0.0019,0.0,0.0,0.0754,0.0099,0.0,0.0,0.0598,0.0257,0.0,0.0,0.0043,0.0,0.1249,0.0,0.0,0.0823,0.0,0.1546,0.4636,0.3178,0.0143,0.0528,0.0631,0.0,0.0305,0.4833,0.2,0.6833
C3N-02010.N,0.0183,0.0,0.0,0.0624,0.0,0.0,0.0,0.0,0.0,0.0,0.0,0.0,0.0008,0.0004,0.0,0.0076,0.0,0.0,0.0,0.0,0.2537,0.0,0.0615,0.1042,0.2567,0.0009,0.0069,0.0072,0.0,0.4532,0.0214,0.0,0.0294,0.0033,0.0007,0.0035,0.0,0.0,0.0,0.0,0.0,0.001,0.0138,0.0,0.0,0.0,0.0062,0.0,0.0,0.0123,0.0,0.2239,0.0,0.0,0.0091,0.0,0.0235,0.0385,0.0,0.0,0.0,0.0,0.0013,0.0,0.0165,0.0399,0.0564
C3N-02589.N,0.0695,0.0,0.0,0.0235,0.0,0.0,0.0215,0.0196,0.0,0.0445,0.0338,0.0068,0.0104,0.0167,0.0,0.0,0.0,0.0033,0.0031,0.0,0.2212,0.0,0.0143,0.0426,0.2785,0.0,0.0081,0.0102,0.0,0.4007,0.0286,0.0,0.0317,0.0033,0.0032,0.005,0.0,0.0,0.0,0.0,0.0,0.0064,0.0246,0.0,0.0,0.0,0.0094,0.0,0.0,0.0085,0.0,0.2443,0.0,0.0,0.0495,0.0,0.0238,0.0694,0.0554,0.0006,0.0,0.0,0.0,0.0,0.0531,0.0434,0.0966
C3N-02768.N,0.0166,0.0099,0.0605,0.0403,0.0,0.0,0.0569,0.0313,0.0136,0.1423,0.1233,0.0396,0.0085,0.0031,0.0,0.0478,0.032,0.004,0.0075,0.0,0.1487,0.0,0.1244,0.0634,0.3048,0.0,0.0044,0.004,0.0,0.5918,0.0388,0.0,0.0432,0.0164,0.0077,0.0087,0.0032,0.0,0.0019,0.0,0.0,0.004,0.014,0.0,0.0,0.0,0.0752,0.0,0.0,0.0053,0.0,0.2333,0.0,0.0,0.1205,0.0,0.0792,0.1138,0.0001,0.0012,0.004,0.0,0.0,0.0,0.1759,0.0742,0.2502
C3N-03069.N,0.0,0.0,0.0,0.0334,0.0,0.022,0.0,0.0,0.0,0.0002,0.0,0.0,0.0,0.0061,0.0,0.0,0.0,0.0,0.0008,0.0,0.2211,0.0,0.0,0.0398,0.1958,0.0042,0.007,0.0415,0.0,0.3451,0.0,0.0,0.0,0.0129,0.0005,0.0025,0.0,0.0,0.0,0.0145,0.0,0.0,0.0048,0.0,0.016,0.0,0.0551,0.0,0.0,0.0086,0.0,0.2086,0.0,0.0222,0.0,0.0,0.0,0.0,0.0,0.002,0.0007,0.0,0.0,0.0,0.0087,0.0004,0.0091
C3N-03173.N,0.0171,0.0,0.0018,0.1046,0.0,0.0047,0.0316,0.0029,0.0,0.0216,0.0202,0.0,0.012,0.0071,0.0043,0.0086,0.0059,0.0125,0.0064,0.0,0.3649,0.0,0.0402,0.0034,0.061,0.0314,0.0339,0.0181,0.0,0.0,0.0,0.0137,0.0047,0.0037,0.0,0.0,0.0,0.0052,0.0,0.0086,0.0,0.0146,0.0038,0.0003,0.0255,0.0,0.0602,0.0091,0.0759,0.0113,0.0,0.0832,0.0,0.0,0.0991,0.0,0.0,0.0591,0.3876,0.0011,0.0101,0.0,0.0687,0.0,0.0266,0.0319,0.0584
C3N-03440.N,0.0,0.0,0.0,0.0279,0.0,0.0082,0.0,0.0,0.0,0.0,0.0,0.0,0.0,0.0028,0.0,0.0,0.0,0.0,0.0,0.0,0.3953,0.0,0.0,0.0434,0.1498,0.0019,0.0295,0.0106,0.0,0.5342,0.0,0.0,0.0046,0.0128,0.0005,0.0013,0.0,0.0,0.0,0.0,0.0,0.0009,0.0053,0.0,0.0,0.0,0.0289,0.0,0.0,0.018,0.0,0.1476,0.0,0.0023,0.0011,0.0,0.0,0.0066,0.0,0.0,0.0,0.0,0.0,0.0,0.0085,0.0,0.0085
C3N-03780.N,0.0009,0.0,0.0,0.0,0.0,0.0,0.0018,0.0,0.0,0.0082,0.0,0.0,0.0003,0.0067,0.0,0.0,0.0,0.0071,0.0,0.0,0.449,0.0,0.0,0.0531,0.1801,0.0042,0.0465,0.0138,0.0,0.5286,0.0129,0.0,0.0087,0.0022,0.0008,0.0016,0.0,0.0,0.0,0.0,0.0,0.0031,0.0085,0.0,0.0,0.0,0.0316,0.0,0.0,0.0227,0.0,0.2459,0.0,0.0,0.0079,0.0,0.0347,0.0926,0.1114,0.0,0.0,0.0,0.0,0.0,0.0203,0.0004,0.0207
C3N-04283.N,0.0,0.0,0.0,0.0269,0.0,0.0,0.0,0.0018,0.0,0.0029,0.0,0.0,0.0033,0.0244,0.0,0.0,0.0,0.0,0.0,0.0,0.5131,0.0,0.0,0.0282,0.1253,0.0,0.1672,0.0448,0.0,0.5464,0.0,0.0,0.0,0.0,0.0,0.0004,0.0,0.0,0.0,0.0,0.0,0.015,0.0059,0.0,0.0,0.0,0.0193,0.0,0.0,0.0458,0.0,0.205,0.0,0.0213,0.0399,0.0,0.0108,0.119,0.0246,0.0,0.0,0.0,0.0,0.0,0.0019,0.0,0.0019
